# Size, offset and particle speed of the enchant glow, per weapon shape.
#
# Applied by tools\client\tune_enchant_glow.ps1 to every weapongrp row whose
# effect is an EnchantGlow rung. See docs/enchant-glow.md.
#
# key     what it matches                            wins over
# ------  -----------------------------------------  ----------
# *       every glowing weapon                       nothing
# 004t    one shape of the ladder                    *
# id:266  one weapon, by its weapongrp id            everything
#
# With no "*" row - as here - only the weapons named below are written, and every other glowing
# row keeps the numbers weapongrp already carries.
#
# offX/offY/offZ move the effect in the weapon's own axes, in Unreal units:
#   X  along the blade   (+ towards the tip)
#   Y  sideways
#   Z  up
# scale is the size of the effect, 1 being the size it was authored at ; over 3
# is enormous. velocity is how fast its particles travel - lower is a tighter,
# calmer glow, higher throws them further out.
#
# On two-handed-mesh weapons (fists, dual swords) the same row goes to both hands.

# key    offX   offY   offZ   scale   velocity
id:5     -17    0      0      1       1
id:6     -18    0      0      1       1
id:2     -12    0      0      0.65    0
id:3     -12    0      0      0.65    0
id:4     -25.5  0      0      1       2
id:7     -17    0      0      1       1
id:76    3.5    0      0      2       2
id:133   -10    0      0      0.65    2
id:135   -8     0      0      0.65    0
id:178   -2.5   0      0      1       1.7
id:183   -2.5   0      0      1       1.7
id:184   0      0      0      1       1.7
id:185   3.5    0      0      1       1.7
id:186   3.5    0      0      1       1.7
id:188   0      0      0      1       1.5
id:190   -12    0      0      1       1
id:191   -12.5  0      0      1.25    1.7
id:192   0      0      0      1       1.7
id:194   0      0      0      1.25    1.7
id:195   2.5    0      0      1       1.7
id:198   1.5    0      0      1.1     1.7
id:199   -10    0      0      1.05    1.7
id:200   -5     0      0      1       1.7
id:203   4      0      0      1.15    1.7
id:204   -3     0      0      1       1.7
id:205   1      0      0      1       1.75
id:206   1      0      0      1       1.75
id:210   7.5    0      0      1       1.75
id:8     -2     0      0      1       1
id:9     -2     0      0      1       1
id:10    0      0      0      2       2
id:11    0      0      0      2       2
id:12    0      0      0      2       2
id:13    0      -1     0      1.75    1
id:14    0      0      0      1.75    1
id:15    22.5   0      0      2       2
id:16    25     0      0      2       2
id:66    -12    0      0      0.65    0
id:69    -12    0      0      0.65    0
id:70    -6     0      0      0.7     0
id:71    -6     0      0      0.7     1
id:72    -8     0      0      0.65    0
id:75    -8     0      0      0.65    0
id:77    -8     0      0      0.65    0
id:78    -6     0      0      0.75    2
id:79    -8     0      0      0.65    0
id:80    -8     0      0      0.65    0
id:81    -10    2      0      0.75    2
id:83    -12    0      0      0.65    0
id:84    -8     0      0      0.65    0
id:85    -10    0      0      0.55    0
id:88    -19    0      0      1       1
id:89    -22.5  0      0      1.15    1.5
id:90    -3     0      0      1       1.5
id:91    -13    0      0      1.5     1.5
id:93    25     0      0      2       2
id:94    25     0      0      2       2
id:95    28.5   0      0      2       2
id:97    30     0      0      2       2
id:98    28     0      0      2       2
id:100   -25    0      0      0.75    1
id:101   -28    0      0      0.75    1
id:121   -11    0      0      0.6     0
id:122   -17    0      0      0.4     0
id:124   -10    0      0      0.75    2
id:125   -8     0      0      0.65    0
id:126   -8     0      0      0.65    0
id:128   -8     0      0      0.65    0
id:129   -8     0      0      0.65    0
id:130   -10    0      0      0.5     0
id:131   -10    0      0      0.55    0
id:134   -10    0      0      0.65    0
id:136   -10    0      0      0.65    0
id:142   -8     0      0      0.55    1
id:143   -10    0      0      0.55    0
id:144   -12    0      0      0.55    0
id:145   -8     0      0      0.65    0
id:146   -8     0      0      0.65    0
id:148   -9     0      0      0.5     0
id:149   -14    0      0      0.45    0
id:150   -9     0      0      0.55    0
id:151   -6     0      0      0.65    0
id:154   -17    0      0      1       1
id:155   -13.5  0      0      1.25    2
id:158   -12.5  0      0      1.25    1.5
id:159   -12.5  0      0      1.25    1.5
id:161   -15    0      0      1.25    1.5
id:162   -17.5  0      0      1.25    1.5
id:164   -20    0      0      1.25    1.5
id:167   -17    0      0      1.25    1.5
id:168   -15    0      0      1.25    1.5
id:171   -10    0      0      1.25    1.7
id:172   -15    0      0      1.25    1.7
id:173   -15    0      0      1.25    1.7
id:174   -22.5  0      0      1       1.7
id:175   -14    0      0      1.25    1.7
id:179   -15    0      0      1       1.7
id:180   -17    0      0      1       1.7
id:181   -13    0      0      1       1.7
id:182   -9     0      0      1.25    1.7
id:187   2      0      0      1.25    1.5
id:189   -9.5   0      0      1.25    2
id:193   -15    0      0      1.25    1.7
id:196   -13    0      0      1       1.7
id:197   1.5    0      0      1       1.7
id:201   -13    0      0      1       1.7
id:202   -15    0      0      1.25    1.7
id:212   5      0      0      1       1.75
id:213   5      0      0      1       1.75
id:215   0.5    2      0      2       1
id:217   0      0      0      2       1.5
id:218   0      0      0      2       1.5
id:219   0      0      0      2       2
id:220   0      0      0      2       2.25
id:221   0      0      0      2       2.5
id:222   0      0      0      2       2
id:224   -0.5   0      0      2       3
id:225   0      0      0      2       2
id:226   0      0      0      2       2.5
id:227   0      0      0      2       3
id:229   0      0      0      2       2.5
id:230   0      0      0      2       3
id:231   0      0      0      2       3
id:232   0      0      0      2       3
id:233   0      0      0      2       2.5
id:234   0      0      0      2       3
id:235   0      1      0      2       1.5
id:236   0      0      0      2.25    3
id:238   0      0      0      2       2
id:239   0      -0.5   0      2       2
id:241   0      0      0      2       3
id:242   0      0      0      2       1.5
id:243   0      0      0      2       2.5
id:273   0      -1     0      2       1.25
id:274   0      1      0      2       1.25
id:275   0      1      0      2       1.25
id:276   0      0      0      2       1.25
id:278   0      1      0      2       1.25
id:279   0      2      0      2       1.25
id:280   0      1      0      2       1.25
id:281   0      1      0      2       1.25
id:282   0      1      0      2       1.25
id:283   0      2      0      2       1.25
id:284   0      2      0      2       1.25
id:285   0      0      0      2       1.25
id:286   0      0      0      2       1.25
id:287   0      0      0      2       1.25
id:288   0      2      0      2       1.25
id:289   0      2      0      2       1.25
id:291   27     0      0      2       2
id:292   27     0      0      2       2
id:293   27     0      0      2       2
id:294   27     0      0      2       2
id:295   27     0      0      2       2
id:296   27     0      0      2       2
id:297   27     0      0      2       2
id:299   27     0      0      2       2
id:300   27     0      0      2       2
id:301   22.5   0      0      2       2
id:302   22.5   0      0      2       2
id:303   22.5   0      0      2       2
id:304   30     0      0      2.25    2
id:305   25     0      0      2       2
id:306   22.5   0      0      2.25    2
id:311   -15.5  0      0      1       1
id:312   -12.5  0      0      1       1
id:313   -17.5  0      0      1       1
id:315   -23    0      0      1       1
id:316   -15    0      0      1       1
id:317   -23    0      0      1       1
id:318   -12.5  0      0      1       1
id:319   -28.5  2.5    0      0.75    1
id:321   -17.5  0      0      1       1
id:946   0      0      0      2       2
id:1376  25     0      0      2       2
id:2499  -8     0      0      0.65    0
id:2500  -8     0      0      0.65    1
id:2502  -10    0      0      1.25    1.75
id:2503  -10    0      0      1.25    1.75
id:2504  -15    0      0      1       1.5
id:6365  -7.5   0      0      1.5     1.5
id:6366  5      0      0      1.25    1.75
id:6367  0      0      0      2       2.5
id:6368  0      -1     0      1.25    1.25
id:6369  -6     0      0      1.25    3
id:6370  27.5   0      0      2       3
id:6371  0      0      0      1       1
id:6372  -3     0      0      0.85    1
id:6579  -5.5   0      0      1       1.5
id:7058  -5     0      0      1       2
id:7575  0      0      0      2       1.25
id:7885  -10    0      0      0.55    0
id:7886  -6     0      0      0.55    0
id:7888  -6     0      0      0.55    0
id:7889  -12    0      0      0.5     0
id:7890  -15    0      0      1       1
id:7891  -15    0      0      1.25    2
id:7892  -17    0      0      1.25    2
id:7893  -22    0      0      1       1
id:7894  -10    0      0      1       1
id:7895  -10    0      0      1       1
id:7896  0      0      0      1.25    3
id:7897  0      0      0      1.25    1
id:7898  -2.5   0      0      1.25    3
id:7899  -2.5   0      0      1.25    3
id:7900  -2.5   0      0      1.25    3
id:7901  0      0      0      1.25    3
id:7902  -3     0      0      1.25    3
id:8678  -6     0      0      0.65    0
id:8680  -12.5  0      0      1.25    3
id:8681  3      0      0      1.25    3
id:8682  0      0      0      2.25    3
id:8683  30     0      0      2       2
id:8684  0      0      0      2       1.25
id:8687  -10    0      0      1.25    3
id:8688  5      0      0      1       1.5
id:271   0      0      0      1.75    1
id:272   0      -1     0      1.75    1
id:277   0      1      0      2       1.25
id:132   -10    2      0      0.65    0
id:1333  -8     0      0      0.7     0
id:2369  -12    0      0      0.45    0
id:5284  -8     0      0      0.7     0
id:5285  -8     0      0      0.75    0
id:5286  -3     1      0      0.85    0
id:6364  -6     0      0      0.65    0
id:7880  -6     0      0      0.85    1
id:7881  -6     0      0      0.85    1
id:7882  -6     0      0      0.85    1
id:7883  -6     0      0      0.85    1
id:7884  -3     0      0      0.85    1
id:8679  -6     0      0      0.85    1
id:8686  -6     2      0      0.65    0
