# weapongrp models, made by unique_weapongrp_models.ps1 from C:\Users\KRIVOSHEEC\Desktop\1\system\weapongrp.dat.models.bak
# 2651 rows -> 537 looks, 428 of them in the cut down table. Backup of the full table : C:\Users\KRIVOSHEEC\Desktop\1\system\weapongrp.dat.models.bak
# rep_id	members	look	kind
1	1,12000,12001,12002,12003,12004	lineageweapons.small_sword_m00_wp|lineageweaponstex.small_sword_t00_wp	weapon
2	2,738,1295,2915,7821,8581,12005,12006,12007,12008,12009,12876,12877,12878,12879,12880,12945,12946,12947,12948,12949,13400,13401,13402,13403,13404,13602,13603,13604,13605,13606	lineageweapons.long_sword_m00_wp|lineageweaponstex.long_sword_t00_wp	weapon
3	3,743,975,1142,12010,12011,12012,12013,12014,12881,12882,12883,12884,12885,12910,12911,12912,12913,12914,12925,12926,12927,12928,12929	lineageweapons.broad_sword_m00_wp|lineageweaponstex.broad_sword_t00_wp	weapon
4	4,748,2370,2501,7817,8577,12015,12016,12017,12018,12019,13051,13052,13053,13054,13055,13081,13082,13083,13084,13085,13582,13583,13584,13585,13586	lineageweapons.club_m00_wp|lineageweaponstex.club_t00_wp	weapon
5	5,12020,12021,12022,12023,12024	lineageweapons.mace_m00_wp|lineageweaponstex.mace_t00_wp	weapon
6	6,747,12025,12026,12027,12028,12029,12891,12892,12893,12894,12895	lineageweapons.apprentices_wand_m00_wp|lineageweaponstex.apprentices_wand_t00_wp	weapon
7	7,1300,12030,12031,12032,12033,12034,12970,12971,12972,12973,12974	lineageweapons.apprentices_rod_m00_wp|lineageweaponstex.apprentices_rod_t00_wp	weapon
8	8,12035,12036,12037,12038,12039	lineageweapons.willow_staff_m00_wp|lineageweaponstex.willow_staff_t00_wp	weapon
9	9,744,754,12040,12041,12042,12043,12044,12886,12887,12888,12889,12890,12900,12901,12902,12903,12904	lineageweapons.cedar_staff_m00_wp|lineageweaponstex.cedar_staff_t00_wp	weapon
10	10,12045,12046,12047,12048,12049	lineageweapons.dagger_m00_wp|lineageweaponstex.dagger_t00_wp	weapon
11	11,12050,12051,12052,12053,12054	lineageweapons.bone_dagger_m00_wp|lineageweaponstex.bone_dagger_t00_wp	weapon
12	12,989,1182,1305,1306,4665,12055,12056,12057,12058,12059,12920,12921,12922,12923,12924,12935,12936,12937,12938,12939,12995,12996,12997,12998,12999,13000,13001,13002,13003,13004,13459,13460,13461,13462,13463	lineageweapons.knife_m00_wp|lineageweaponstex.knife_t00_wp	weapon
13	13,3028,12060,12061,12062,12063,12064,13415,13416,13417,13418,13419	lineageweapons.short_bow_m00_wp|lineageweaponstex.short_bow_t00_wp	weapon
14	14,1181,1213,1307,12065,12066,12067,12068,12069,12930,12931,12932,12933,12934,12940,12941,12942,12943,12944,13005,13006,13007,13008,13009	lineageweapons.bow_m00_wp|lineageweaponstex.bow_t00_wp	weapon
15	15,3026,12070,12071,12072,12073,12074,13405,13406,13407,13408,13409	lineageweapons.short_spear_m00_wp|lineageweaponstex.short_spear_t00_wp	weapon
16	16,8972,12075,12076,12077,12078,12079	lineageweapons.long_spear_m00_wp|lineageweaponstex.long_spear_t00_wp	weapon
18	18,663	lineageweapons.leather_shield_m00_sh|lineageweaponstex.leather_shield_t00_sh|lineageweaponstex.round_shield_t01_sh	shield
19	19,104,635,637,1329	lineageweapons.small_shield_m00_sh|lineageweaponstex.small_shield_t00_sh|lineageweaponstex.small_shield_t01_sh	shield
20	20,1330	lineageweapons.buckler_m00_sh|lineageweaponstex.buckler_t00_sh|lineageweaponstex.round_shield_t01_sh	shield
66	66,1296,3029,12080,12081,12082,12083,12084,12950,12951,12952,12953,12954,13420,13421,13422,13423,13424	lineageweapons.gladius_m00_wp|lineageweaponstex.gladius_t00_wp	weapon
1510	1510,12085,12086,12087,12088,12089,13027,13028,13029,13030,13031	lineageweapons.orcish_sword_m00_wp|lineageweaponstex.orcish_sword_t00_wp	weapon
68	68,146,6354,8973,12090,12091,12092,12093,12094,12279,12280,13562,13563,13564,13565,13566	lineageweapons.falchion_m00_wp|lineageweaponstex.falchion_t00_wp	weapon
69	69,138,1297,7826,8586,12095,12096,12097,12098,12258,12259,12955,12956,12957,12958,12959,13623,13624,13625,13626	lineageweapons.bastard_sword_m00_wp|lineageweaponstex.bastard_sword_t00_wp	weapon
70	70,12099,12100,12101,12102	lineageweapons.claymore_m00_wp|lineageweaponstex.claymore_t00_wp	weapon
71	71,12103,12104,12105	lineageweapons.flamberge_m00_wp|lineageweaponstex.flamberge_t00_wp	weapon
72	72,12106,12107,12108	lineageweapons.stormbringer_m00_wp|lineageweaponstex.stormbringer_t00_wp	weapon
147	147,12109,12110,12111,12281	lineageweapons.shamshir_m00_wp|lineageweaponstex.shamshir_t00_wp	weapon
8830	8830,12112,12113,12114	lineageweapons.katana_m00_wp|lineageweaponstex.katana_t00_wp	weapon
75	75,1298,12115,12116,12117,12960,12961,12962,12963,12964	lineageweapons.caliburs_m00_wp|lineageweaponstex.caliburs_t00_wp	weapon
140	140,4700,8839,8926,8991,12118,12119,12120,12262,12263,13464,13465,13466	lineageweapons.sword_of_delusion_m00_wp|lineageweaponstex.sword_of_delusion_t00_wp	weapon
77	77,12121,12122,12123	lineageweapons.tsurugi_m00_wp|lineageweaponstex.tsurugi_t00_wp	weapon
78	78,8849,9001,12124,12125	lineageweapons.great_sword_m00_wp|lineageweaponstex.great_sword_t00_wp	weapon
79	79,12126,12127	lineageweapons.sword_of_damascus_m00_wp|lineageweaponstex.sword_of_damascus_t00_wp	weapon
80	80,8859,9011,12128	lineageweapons.tallum_blade_m00_wp|lineageweaponstex.tallum_blade_t00_wp	weapon
81	81,9021,12129	lineageweapons.dragon_slayer_m00_wp|lineageweaponstex.dragon_slayer_t00_wp	weapon
82	82,6364	lineageweapons.forgotten_blade_m00_wp|lineageweaponstex.forgotten_blade_t00_wp	weapon
83	83,12130,12131,12132,12133	lineageweapons.sword_of_magic_m00_wp|lineageweaponstex.sword_of_magic_t00_wp	weapon
84	84,137,12134,12135,12136,12256,12257	lineageweapons.homunkuluss_sword_m00_wp|lineageweaponstex.homunkuluss_sword_t00_wp	weapon
85	85,12137	lineageweapons.phantom_sword_m00_wp|lineageweaponstex.phantom_sword_t00_wp	weapon
4221	4221,7829,8589,12138,12139,12140,12141,13635,13636,13637,13638	lineageweapons.tomahawk_m00_wp|lineageweaponstex.tomahawk_t00_wp	weapon
87	87,1511,8974,12142,12143,12144,12145,12146,13032,13033,13034,13035,13036	lineageweapons.iron_hammer_m00_wp|lineageweaponstex.iron_hammer_t00_wp	weapon
88	88,12147,12148,12149,12150	lineageweapons.morning_star_m00_wp|lineageweaponstex.morning_star_t00_wp	weapon
89	89,1301,12151,12152,12153,12975,12976,12977,12978,12979	lineageweapons.big_hammer_m00_wp|lineageweaponstex.big_hammer_t00_wp	weapon
90	90,12154,12155,12156,12157	lineageweapons.goathead_staff_m00_wp|lineageweaponstex.goathead_staff_t00_wp	weapon
91	91,8850,9002,12158,12159	lineageweapons.heavy_war_axe_m00_wp|lineageweaponstex.heavy_war_axe_t00_wp	weapon
92	92,8851,9003,12160,12161	lineageweapons.sprites_staff_m00_wp|lineageweaponstex.sprites_staff_t00_wp	weapon
93	93,12162,12163,12164,12165	lineageweapons.winged_spear_m00_wp|lineageweaponstex.winged_spear_t00_wp	weapon
94	94,1302,8831,12166,12167,12168,12980,12981,12982,12983,12984	lineageweapons.bech_de_corbin_m00_wp|lineageweaponstex.bech_de_corbin_t00_wp	weapon
95	95,8840,8927,8992,12169,12170,12171	lineageweapons.poleaxe_m00_wp|lineageweaponstex.poleaxe_t00_wp	weapon
97	97,1303,12175,12176,12985,12986,12987,12988,12989	lineageweapons.lancia_m00_wp|lineageweaponstex.lancia_t00_wp	weapon
98	98,8860,9012,12177	lineageweapons.halbard_m00_wp|lineageweaponstex.halbard_t00_wp	weapon
99	99,310,319,320,322,323,324,327,328,329,330,331,332,333,334,335,336,337,338,339,340,341,342,343,344,345,346,12178,12179,12180,12181,12182,12768,12769,12770,12771,12772,12806,12807,12808,12809,12810,12811,12812,12813,12818,12819,12820,12821,12822,12823,12824,12825,12826,12827,12828,12835,12836,12837,12838,12839,12840,12841,12842,12843,12844,12845,12846,12847,12848,12849,12850,12851,12852,12853,12854,12855,12856,12857,12858,12859,12860,12861,12862,12863,12864,12865,12866,12867,12868,12869,12870,12871,12872,12873,12874,12875	lineageweapons.apprentices_spellbook_m00_wp|lineageweaponstex.apprentices_spellbook_t00_wp	weapon
100	100,8975,12183,12184,12185,12186,12187	lineageweapons.voodoo_doll_m00_wp|lineageweaponstex.voodoo_doll_t00_wp	weapon
101	101,12188,12189,12190,12191	lineageweapons.scroll_of_wisdom_m00_wp|lineageweaponstex.scroll_of_wisdom_t00_wp	weapon
102	102,660	lineageweapons.round_shield_m00_sh|lineageweaponstex.round_shield_t00_sh|lineageweaponstex.round_shield_t01_sh	shield
103	103,639,1332	lineageweapons.tower_shield_m00_sh|lineageweaponstex.tower_shield_t00_sh|lineageweaponstex.tower_shield_t01_sh	shield
105	105	lineageweapons.implosion_shield_m00_sh|lineageweaponstex.implosion_shield_t00_sh|lineageweaponstex.implosion_shield_t01_sh	shield
106	106,7014	lineageweapons.dark_dragon_shield_m00_sh|lineageweaponstex.dark_dragon_shield_t00_sh|lineageweaponstex.tower_shield_t01_sh	shield
107	107,658,664,669,9056	lineageweapons.composite_shield_m00_sh|lineageweaponstex.composite_shield_t00_sh|lineageweaponstex.composite_shield_t01_sh	shield
108	108,640	lineageweapons.masterpiece_shield_m00_sh|lineageweaponstex.masterpiece_shield_t00_sh|lineageweaponstex.masterpiece_shield_t01_sh	shield
109	109,659	lineageweapons.shield_of_sola_eclipse_m00_sh|lineageweaponstex.shield_of_sola_eclipse_t00_sh|lineageweaponstex.buckler_t01_sh	shield
110	110,636,653,666	lineageweapons.doom_shield_m00_sh|lineageweaponstex.doom_shield_t00_sh|lineageweaponstex.bone_shield_t01_sh	shield
111	111,654,668	lineageweapons.shield_of_pledge_m00_sh|lineageweaponstex.shield_of_pledge_t00_sh|lineageweaponstex.buckler_t01_sh	shield
120	120,121,12192,12193,12194,12195,12196,12197,12198,12199,12200,12201	lineageweapons.sword_of_watershadow_m00_wp|lineageweaponstex.sword_of_watershadow_t00_wp	weapon
122	122,12202,12203,12204,12205,12206	lineageweapons.handmade_sword_m00_wp|lineageweaponstex.handmade_sword_t00_wp	weapon
124	124,8821,8982,12211,12212,12213,12214	lineageweapons.twohanded_sword_m00_wp|lineageweaponstex.twohanded_sword_t00_wp	weapon
125	125,12215,12216,12217,12218	lineageweapons.spinebone_sword_m00_wp|lineageweaponstex.spinebone_sword_t00_wp	weapon
126	126,12219,12220,12221,12222	lineageweapons.artisans_sword_m00_wp|lineageweaponstex.artisans_sword_t00_wp	weapon
8822	8822,8983,12223,12224,12225,12226	lineageweapons.crimson_sword_m00_wp|lineageweaponstex.crimson_sword_t00_wp	weapon
128	128,4219,12227,12228,12229,12230	lineageweapons.knights_sword_m00_wp|lineageweaponstex.knights_sword_t00_wp	weapon
129	129,141,12231,12232,12233,12234,12264,12265	lineageweapons.sword_of_revolution_m00_wp|lineageweaponstex.sword_of_revolution_t00_wp	weapon
130	130,12235,12236,12237,12238	lineageweapons.elven_sword_m00_wp|lineageweaponstex.elven_sword_t00_wp	weapon
131	131,12239,12240,12241	lineageweapons.spirits_sword_m00_wp|lineageweaponstex.spirits_sword_t00_wp	weapon
132	132,12242,12243,12244	lineageweapons.sword_of_limit_m00_wp|lineageweaponstex.sword_of_limit_t00_wp	weapon
133	133,12245,12246,12247	lineageweapons.raid_sword_m00_wp|lineageweaponstex.raid_sword_t00_wp	weapon
134	134,12248,12249,12250	lineageweapons.sword_of_nightmare_m00_wp|lineageweaponstex.sword_of_nightmare_t00_wp	weapon
135	135,12251,12252,12253	lineageweapons.samurai_longsword_m00_wp|lineageweaponstex.samurai_longsword_t00_wp	weapon
136	136,12254,12255	lineageweapons.limpid_sword_m00_wp|lineageweaponstex.limpid_sword_t00_wp	weapon
139	139,145,12260,12261,12276,12277,12278	lineageweapons.deathbreath_sword_m00_wp|lineageweaponstex.deathbreath_sword_t00_wp	weapon
142	142,8852,9004,12266,12267	lineageweapons.kshanberk_m00_wp|lineageweaponstex.kshanberk_t00_wp	weapon
143	143,12268,12269,12270,12271	lineageweapons.sword_of_mystic_m00_wp|lineageweaponstex.sword_of_mystic_t00_wp	weapon
144	144,12272,12273,12274,12275	lineageweapons.sword_of_occult_m00_wp|lineageweaponstex.sword_of_occult_t00_wp	weapon
148	148,8853,9005,12282,12283	lineageweapons.sword_of_valhalla_m00_wp|lineageweaponstex.sword_of_valhalla_t00_wp	weapon
149	149,230,12284,12548,12549,12550	lineageweapons.needle_wolverine_m00_wp|lineageweaponstex.needle_wolverine_t00_wp	weapon
150	150,12285	lineageweapons.elemental_sword_m00_wp|lineageweaponstex.elemental_sword_t00_wp	weapon
151	151,9022,12286	lineageweapons.sword_of_miracle_m00_wp|lineageweaponstex.sword_of_miracle_t00_wp	weapon
152	152,12287,12288,12289,12290,12291	lineageweapons.heavy_chisel_m00_wp|lineageweaponstex.heavy_chisel_t00_wp	weapon
154	154,12297,12298,12299,12300,12301	lineageweapons.mace_m00_wp|lineageweaponstex.dwarven_mace_t00_wp	weapon
155	155,8976,12302,12303,12304,12305,12306	lineageweapons.heavy_mace_m00_wp|lineageweaponstex.buzdygan_t00_wp	weapon
156	156,12307,12308,12309,12310	lineageweapons.hand_axe_m00_wp|lineageweaponstex.hand_axe_t00_wp	weapon
157	157,8823,8984,12311,12312,12313,12314	lineageweapons.spike_club_m00_wp|lineageweaponstex.spike_club_t00_wp	weapon
158	158,12315,12316,12317,12318	lineageweapons.tarbar_m00_wp|lineageweaponstex.tarbar_t00_wp	weapon
159	159,12319,12320,12321,12322	lineageweapons.bonebreaker_m00_wp|lineageweaponstex.bonebreaker_t00_wp	weapon
160	160,12323,12324,12325	lineageweapons.battle_axe_m00_wp|lineageweaponstex.battle_axe_t00_wp	weapon
161	161,12326,12327,12328	lineageweapons.war_pick_m00_wp|lineageweaponstex.war_pick_t00_wp	weapon
162	162,163,170,12329,12330,12331,12332,12333,12351	lineageweapons.war_axe_m00_wp|lineageweaponstex.war_axe_t00_wp	weapon
164	164,9023,12334	lineageweapons.elysian_m00_wp|lineageweaponstex.elysian_t00_wp	weapon
165	165,6365	lineageweapons.basalt_battlehammer_m00_wp|lineageweaponstex.basalt_battlehammer_t00_wp	weapon
166	166,12335,12336,12337,12338	lineageweapons.heavy_mace_m00_wp|lineageweaponstex.heavy_mace_t00_wp	weapon
167	167,12339,12340,12341,12342	lineageweapons.scalpel_m00_wp|lineageweaponstex.scalpel_t00_wp	weapon
168	168,12343,12344,12345,12346	lineageweapons.work_hammer_m00_wp|lineageweaponstex.work_hammer_t00_wp	weapon
169	169,12347,12348,12349,12350	lineageweapons.skull_breaker_m00_wp|lineageweaponstex.skull_breaker_t00_wp	weapon
171	171,12352,12353	lineageweapons.deadmans_glory_m00_wp|lineageweaponstex.deadmans_glory_t00_wp	weapon
172	172,12354,12355,12356,12357	lineageweapons.heavy_bone_club_m00_wp|lineageweaponstex.heavy_bone_club_t00_wp	weapon
173	173,12358,12359,12360	lineageweapons.skull_graver_m00_wp|lineageweaponstex.skull_graver_t00_wp	weapon
174	174,12361,12362,12363	lineageweapons.nirvana_axe_m00_wp|lineageweaponstex.nirvana_axe_t00_wp	weapon
175	175,7834,12364,12365,13647,13648	lineageweapons.art_of_battle_axe_m00_wp|lineageweaponstex.art_of_battle_axe_t00_wp	weapon
176	176,177,178,207,208,209,211,749,1304,2373,6355,7816,8576,8977,12366,12367,12368,12369,12370,12371,12372,12373,12374,12375,12376,12377,12378,12379,12476,12477,12478,12479,12480,12481,12484,12485,12896,12897,12898,12899,12990,12991,12992,12993,12994,13066,13067,13068,13069,13070,13567,13568,13569,13570,13571,13577,13578,13579,13580,13581	lineageweapons.apprentices_staff_m00_wp|lineageweaponstex.apprentices_staff_t00_wp	weapon
179	179,7822,8582,12380,12381,12382,12383,13607,13608,13609,13610	lineageweapons.mace_of_prayer_m00_wp|lineageweaponstex.mace_of_prayer_t00_wp	weapon
180	180,12384,12385,12386,12387	lineageweapons.mace_of_judgment_m00_wp|lineageweaponstex.mace_of_judgment_t00_wp	weapon
181	181,12388,12389,12390,12391	lineageweapons.mace_of_miracle_m00_wp|lineageweaponstex.mace_of_miracle_t00_wp	weapon
182	182,12392,12393,12394,12395	lineageweapons.doom_hammer_m00_wp|lineageweaponstex.doom_hammer_t00_wp	weapon
183	183,12396,12397,12398,12399	lineageweapons.mystic_staff_m00_wp|lineageweaponstex.mystic_staff_t00_wp	weapon
184	184,12400,12401,12402,12403	lineageweapons.conjure_staff_m00_wp|lineageweaponstex.conjure_staff_t00_wp	weapon
185	185,7825,8585,12404,12405,12406,12407,13619,13620,13621,13622	lineageweapons.staff_of_mana_m00_wp|lineageweaponstex.staff_of_mana_t00_wp	weapon
186	186,8824,8985,12408,12409,12410,12411	lineageweapons.staff_of_magicpower_m00_wp|lineageweaponstex.staff_of_magicpower_t00_wp	weapon
187	187,12412,12413,12414,12415	lineageweapons.atuba_hammer_m00_wp|lineageweaponstex.atuba_hammer_t00_wp	weapon
188	188,12416,12417,12418,12419	lineageweapons.ghost_staff_m00_wp|lineageweaponstex.ghost_staff_t00_wp	weapon
189	189,12420,12421,12422,12423	lineageweapons.life_stick_m00_wp|lineageweaponstex.life_stick_t00_wp	weapon
190	190,12424,12425,12426,12427	lineageweapons.atuba_mace_m00_wp|lineageweaponstex.atuba_mace_t00_wp	weapon
191	191,12428,12429,12430	lineageweapons.heavy_doom_hammer_m00_wp|lineageweaponstex.heavy_doom_hammer_t00_wp	weapon
192	192,12431,12432,12433	lineageweapons.crystal_staff_m00_wp|lineageweaponstex.crystal_staff_t00_wp	weapon
193	193,12434,12435,12436	lineageweapons.stick_of_faith_m00_wp|lineageweaponstex.stick_of_faith_t00_wp	weapon
194	194,12437,12438,12439	lineageweapons.heavy_doom_axe_m00_wp|lineageweaponstex.heavy_doom_axe_t00_wp	weapon
195	195,8832,12440,12441,12442	lineageweapons.cursed_staff_m00_wp|lineageweaponstex.cursed_staff_t00_wp	weapon
196	196,8841,8928,8993,12443,12444,12445	lineageweapons.stick_of_eternity_m00_wp|lineageweaponstex.stick_of_eternity_t00_wp	weapon
197	197,12446,12447,12448	lineageweapons.paradia_staff_m00_wp|lineageweaponstex.paradia_staff_t00_wp	weapon
198	198,8842,8929,8994,12449,12450,12451	lineageweapons.inferno_staff_m00_wp|lineageweaponstex.inferno_staff_t00_wp	weapon
199	199,8843,8930,8995,12452,12453,12454	lineageweapons.paagrio_hammer_m00_wp|lineageweaponstex.paagrio_hammer_t00_wp	weapon
200	200,12455,12456,12457	lineageweapons.sages_staff_m00_wp|lineageweaponstex.sages_staff_t00_wp	weapon
201	201,12458,12459,12460	lineageweapons.club_of_nature_m00_wp|lineageweaponstex.club_of_nature_t00_wp	weapon
202	202,12461,12462,12463	lineageweapons.mace_of_underworld_m00_wp|lineageweaponstex.mace_of_underworld_t00_wp	weapon
203	203,12464,12465,12466	lineageweapons.paagrio_axe_m00_wp|lineageweaponstex.paagrio_axe_t00_wp	weapon
204	204,12467,12468,12469	lineageweapons.deadmans_staff_m00_wp|lineageweaponstex.deadmans_staff_t00_wp	weapon
205	205,12470,12471,12472	lineageweapons.ghouls_staff_m00_wp|lineageweaponstex.ghouls_staff_t00_wp	weapon
206	206,12473,12474,12475	lineageweapons.demons_staff_m00_wp|lineageweaponstex.demons_staff_t00_wp	weapon
210	210,4900,12482,12483,13467,13468	lineageweapons.staff_of_evil_sprit_m00_wp|lineageweaponstex.staff_of_evil_sprit_t00_wp	weapon
212	212,4903,4904,4905,8861,9013,12486,13469,13470,13471	lineageweapons.dasparions_staff_m00_wp|lineageweaponstex.dasparions_staff_t00_wp	weapon
213	213,9024,12487	lineageweapons.worldtrees_branch_m00_wp|lineageweaponstex.worldtrees_branch_t00_wp	weapon
214	214,6366	lineageweapons.imperial_staff_m00_wp|lineageweaponstex.imperial_staff_t00_wp	weapon
215	215,2372,2374,3471,12488,12489,12490,12491,12492,13061,13062,13063,13064,13065,13071,13072,13073,13074,13075,13425,13426,13427,13428,13429	lineageweapons.doomed_dagger_m00_wp|lineageweaponstex.doomed_dagger_t00_wp	weapon
216	216,222,7830,8590,12493,12494,12495,12496,12497,12521,12522,12523,12524,13639,13640,13641,13642	lineageweapons.dirk_m00_wp|lineageweaponstex.dirk_t00_wp	weapon
217	217,7818,8578,12498,12499,12500,12501,12502,13587,13588,13589,13590,13591	lineageweapons.shining_knife_m00_wp|lineageweaponstex.shining_knife_t00_wp	weapon
218	218,12503,12504,12505,12506,12507	lineageweapons.throw_knife_m00_wp|lineageweaponstex.throw_knife_t00_wp	weapon
219	219,8978,12508,12509,12510,12511,12512	lineageweapons.sword_breaker_m00_wp|lineageweaponstex.sword_breaker_t00_wp	weapon
220	220,12513,12514,12515,12516	lineageweapons.handiwork_dagger_m00_wp|lineageweaponstex.handiwork_dagger_t00_wp	weapon
221	221,4220,12517,12518,12519,12520	lineageweapons.assassin_knife_m00_wp|lineageweaponstex.assassin_knife_t00_wp	weapon
8825	8825,8986,12525,12526,12527,12528	lineageweapons.kukuri_m00_wp|lineageweaponstex.kukuri_t00_wp	weapon
224	224,1660,12529,12530,12531,12532,13037,13038,13039,13040	lineageweapons.maingauche_m00_wp|lineageweaponstex.maingauche_t00_wp	weapon
225	225,12533,12534,12535,12536	lineageweapons.mithril_dagger_m00_wp|lineageweaponstex.mithril_dagger_t00_wp	weapon
226	226,12537,12538,12539	lineageweapons.cursed_dagger_m00_wp|lineageweaponstex.cursed_dagger_t00_wp	weapon
227	227,8833,12540,12541,12542	lineageweapons.stiletto_m00_wp|lineageweaponstex.stiletto_t00_wp	weapon
229	229,8854,9006,12546,12547	lineageweapons.kris_m00_wp|lineageweaponstex.kris_t00_wp	weapon
231	231,12551,12552,12553	lineageweapons.grace_dagger_m00_wp|lineageweaponstex.grace_dagger_t00_wp	weapon
232	232,12554,12555,12556	lineageweapons.darkelven_dagger_m00_wp|lineageweaponstex.darkelven_dagger_t00_wp	weapon
233	233,8844,8931,8996,12557,12558,12559	lineageweapons.dark_screamer_m00_wp|lineageweaponstex.dark_screamer_t00_wp	weapon
234	234,12560,12561	lineageweapons.demons_sword_m00_wp|lineageweaponstex.demons_sword_t00_wp	weapon
235	235,8862,9014,12562	lineageweapons.bloody_orchid_m00_wp|lineageweaponstex.bloody_orchid_t00_wp	weapon
236	236,9025,12563	lineageweapons.soul_separator_m00_wp|lineageweaponstex.soul_separator_t00_wp	weapon
237	237,6367	lineageweapons.angel_slayer_m00_wp|lineageweaponstex.angel_slayer_t00_wp	weapon
238	238,8826,8987,12564,12565,12566,12567	lineageweapons.dagger_of_mana_m00_wp|lineageweaponstex.dagger_of_mana_t00_wp	weapon
239	239,12568,12569,12570,12571	lineageweapons.mystic_knife_m00_wp|lineageweaponstex.mystic_knife_t00_wp	weapon
241	241,12576,12577,12578,12579	lineageweapons.knife_o'_silenus_m00_wp|lineageweaponstex.knife_o'_silenus_t00_wp	weapon
242	242,8834,12580,12581,12582	lineageweapons.dagger_of_magicflame_m00_wp|lineageweaponstex.dagger_of_magicflame_t00_wp	weapon
243	243,12583,12584	lineageweapons.hell_knife_m00_wp|lineageweaponstex.hell_knife_t00_wp	weapon
244	244	id:244	weapon
245	245	id:245	weapon
246	246	id:246	weapon
247	247	id:247	weapon
248	248	id:248	weapon
249	249	id:249	weapon
250	250	id:250	weapon
251	251	id:251	weapon
252	252	id:252	weapon
253	253,12585,12586,12587,12588,12589	lineageweapons.spike_glove_m00_wp|lineageweapons.spike_glove_m00_wp|lineageweaponstex.spike_glove_t00_wp|lineageweaponstex.spike_glove_t00_wp	weapon
254	254,2371,12590,12591,12592,12593,12594,13056,13057,13058,13059,13060	lineageweapons.iron_glove_m00_wp|lineageweapons.iron_glove_m00_wp|lineageweaponstex.iron_glove_t00_wp|lineageweaponstex.iron_glove_t00_wp	weapon
255	255,12595,12596,12597,12598,12599	lineageweapons.foxs_nail_m00_wp|lineageweapons.foxs_nail_m00_wp|lineageweaponstex.foxs_nail_t00_wp|lineageweaponstex.foxs_nail_t00_wp	weapon
256	256,257,7819,8579,8979,12600,12601,12602,12603,12604,12605,12606,12607,12608,12609,13592,13593,13594,13595,13596	lineageweapons.vipers_canine_m00_wp|lineageweapons.vipers_canine_m00_wp|lineageweaponstex.vipers_canine_t00_wp|lineageweaponstex.vipers_canine_t00_wp	weapon
258	258,7828,8588,12610,12611,12612,12613,13631,13632,13633,13634	lineageweapons.baghnakh_m00_wp|lineageweapons.baghnakh_m00_wp|lineageweaponstex.baghnakh_t00_wp|lineageweaponstex.baghnakh_t00_wp	weapon
259	259,12614,12615,12616,12617	lineageweapons.single-edged_jamadhr_m00_wp|lineageweapons.single-edged_jamadhr_m00_wp|lineageweaponstex.single-edged_jamadhr_t00_wp|lineageweaponstex.single-edged_jamadhr_t00_wp	weapon
260	260,8827,8988,12618,12619,12620,12621	lineageweapons.triple-edged_jamadhr_m00_wp|lineageweapons.triple-edged_jamadhr_m00_wp|lineageweaponstex.triple-edged_jamadhr_t00_wp|lineageweaponstex.triple-edged_jamadhr_t00_wp	weapon
261	261,12622,12623,12624,12625	lineageweapons.bichhwa_m00_wp|lineageweapons.bichhwa_m00_wp|lineageweaponstex.bichhwa_t00_wp|lineageweaponstex.bichhwa_t00_wp	weapon
262	262,12626,12627,12628,12629	lineageweapons.scallop_jamadhr_m00_wp|lineageweapons.scallop_jamadhr_m00_wp|lineageweaponstex.scallop_jamadhr_t00_wp|lineageweaponstex.scallop_jamadhr_t00_wp	weapon
263	263,264,12630,12631,12632,12633,12634	lineageweapons.chakram_m00_wp|lineageweapons.chakram_m00_wp|lineageweaponstex.chakram_t00_wp|lineageweaponstex.chakram_t00_wp	weapon
265	265,8847,8934,8999,12635,12636,12637	lineageweapons.fist_blade_m00_wp|lineageweapons.fist_blade_m00_wp|lineageweaponstex.fist_blade_t00_wp|lineageweaponstex.fist_blade_t00_wp	weapon
266	266,12638,12639,12640	lineageweapons.great_pata_m00_wp|lineageweapons.great_pata_m00_wp|lineageweaponstex.great_pata_t00_wp|lineageweaponstex.great_pata_t00_wp	weapon
267	267,8855,9007,12641,12642	lineageweapons.arthro_nail_m00_wp|lineageweapons.arthro_nail_m00_wp|lineageweaponstex.arthro_nail_t00_wp|lineageweaponstex.arthro_nail_t00_wp	weapon
268	268,12643,12644	lineageweapons.bellion_cestus_m00_wp|lineageweapons.bellion_cestus_m00_wp|lineageweaponstex.bellion_cestus_t00_wp|lineageweaponstex.bellion_cestus_t00_wp	weapon
269	269,8863,9015,12645	lineageweapons.blood_tornado_m00_wp|lineageweapons.blood_tornado_m00_wp|lineageweaponstex.blood_tornado_t00_wp|lineageweaponstex.blood_tornado_t00_wp	weapon
270	270,9026,12646	lineageweapons.dragon_grinder_m00_wp|lineageweapons.dragon_grinder_m00_wp|lineageweaponstex.dragon_grinder_t00_wp|lineageweaponstex.dragon_grinder_t00_wp	weapon
271	271,12647,12648,12649,12650,12651	lineageweapons.hunting_bow_m00_wp|lineageweaponstex.hunting_bow_t00_wp	weapon
272	272,7820,8580,12652,12653,12654,12655,12656,13597,13598,13599,13600,13601	lineageweapons.bow_of_forest_m00_wp|lineageweaponstex.bow_of_forest_t00_wp	weapon
273	273,8980,12657,12658,12659,12660,12661	lineageweapons.composition_bow_m00_wp|lineageweaponstex.composition_bow_t00_wp	weapon
274	274,7824,8584,12662,12663,12664,12665,13615,13616,13617,13618	lineageweapons.strengthening_bow_m00_wp|lineageweaponstex.strengthening_bow_t00_wp	weapon
275	275,12666,12667,12668,12669	lineageweapons.long_bow_m00_wp|lineageweaponstex.long_bow_t00_wp	weapon
276	276,12670,12671,12672,12673	lineageweapons.elven_bow_m00_wp|lineageweaponstex.elven_bow_t00_wp	weapon
277	277,7823,8583,12674,12675,12676,12677,13611,13612,13613,13614	lineageweapons.dark_elven_bow_m00_wp|lineageweaponstex.dark_elven_bow_t00_wp	weapon
278	278,8828,8989,12678,12679,12680,12681	lineageweapons.gastraphetes_m00_wp|lineageweaponstex.gastraphetes_t00_wp	weapon
279	279,12682,12683,12684,12685	lineageweapons.strengthening_long_bow_m00_wp|lineageweaponstex.strengthening_long_bow_t00_wp	weapon
280	280,12686,12687,12688,12689	lineageweapons.cyclone_bow_m00_wp|lineageweaponstex.cyclone_bow_t00_wp	weapon
281	281,12690,12691,12692	lineageweapons.crystallized_ice_bow_m00_wp|lineageweaponstex.crystallized_ice_bow_t00_wp	weapon
282	282,8835,12693,12694,12695	lineageweapons.elemental_bow_m00_wp|lineageweaponstex.elemental_bow_t00_wp	weapon
283	283,8845,8932,8997,12696,12697,12698	lineageweapons.akat_long_bow_m00_wp|lineageweaponstex.akat_long_bow_t00_wp	weapon
284	284,8856,9008,12699,12700	lineageweapons.dark_elven_long_bow_m00_wp|lineageweaponstex.dark_elven_long_bow_t00_wp	weapon
285	285,12701,12702,12703	lineageweapons.noble_elven_bow_m00_wp|lineageweaponstex.noble_elven_bow_t00_wp	weapon
286	286,12704,12705,12706	lineageweapons.eminence_bow_m00_wp|lineageweaponstex.eminence_bow_t00_wp	weapon
287	287,12707,12708	lineageweapons.hazard_bow_m00_wp|lineageweaponstex.hazard_bow_t00_wp	weapon
288	288,8864,9016,12709	lineageweapons.carnium_bow_m00_wp|lineageweaponstex.carnium_bow_t00_wp	weapon
289	289,9027,12710	lineageweapons.soul_bow_m00_wp|lineageweaponstex.soul_bow_t00_wp	weapon
290	290,6368	lineageweapons.shining_bow_m00_wp|lineageweaponstex.shining_bow_t00_wp	weapon
291	291,12711,12712,12713,12714	lineageweapons.trident_m00_wp|lineageweaponstex.trident_t00_wp	weapon
292	292,7831,8591,12715,12716,12717,12718,13643,13644,13645,13646	lineageweapons.pike_m00_wp|lineageweaponstex.pike_t00_wp	weapon
293	293,8829,8990,12719,12720,12721,12722	lineageweapons.war_hammer_m00_wp|lineageweaponstex.war_hammer_t00_wp	weapon
294	294,12723,12724,12725,12726	lineageweapons.hammer_in_flames_m00_wp|lineageweaponstex.hammer_in_flames_t00_wp	weapon
295	295,12727,12728,12729,12730	lineageweapons.dwarven_trident_m00_wp|lineageweaponstex.dwarven_trident_t00_wp	weapon
296	296,12731,12732,12733,12734	lineageweapons.dwarven_pike_m00_wp|lineageweaponstex.dwarven_pike_t00_wp	weapon
297	297,12735,12736,12737,12738	lineageweapons.glaive_m00_wp|lineageweaponstex.glaive_t00_wp	weapon
299	299,12742,12743,12744	lineageweapons.orcish_poleaxe_m00_wp|lineageweaponstex.orcish_poleaxe_t00_wp	weapon
300	300,8858,9010,12745,12746	lineageweapons.great_axe_m00_wp|lineageweaponstex.great_axe_t00_wp	weapon
301	301,12747,12748,12749	lineageweapons.scorpion_m00_wp|lineageweaponstex.scorpion_t00_wp	weapon
302	302,12750,12751,12752	lineageweapons.body_slasher_m00_wp|lineageweaponstex.body_slasher_t00_wp	weapon
303	303,12753,12754,12755	lineageweapons.widow_maker_m00_wp|lineageweaponstex.widow_maker_t00_wp	weapon
304	304,5629,5630,5631,12756,13514,13515,13516	lineageweapons.orcish_halbard_m00_wp|lineageweaponstex.orcish_halbard_t00_wp	weapon
305	305,9028,12757	lineageweapons.tallum_glaive_m00_wp|lineageweaponstex.tallum_glaive_t00_wp	weapon
306	306,6369	lineageweapons.dragon_hunter_axe_m00_wp|lineageweaponstex.dragon_hunter_axe_t00_wp	weapon
307	307,6370	lineageweapons.saint_spear_m00_wp|lineageweaponstex.saint_spear_t00_wp	weapon
308	308,12758,12759,12760,12761,12762	lineageweapons.buffalo_horn_m00_wp|lineageweaponstex.buffalo_horn_t00_wp	weapon
309	309,12763,12764,12765,12766,12767	lineageweapons.tears_of_eva_m00_wp|lineageweaponstex.tears_of_eva_t00_wp	weapon
311	311,8981,12773,12774,12775,12776,12777	lineageweapons.crucifix_of_blessing_m00_wp|lineageweaponstex.crucifix_of_blessing_t00_wp	weapon
312	312,12778,12779,12780,12781	lineageweapons.branch_of_life_m00_wp|lineageweaponstex.branch_of_life_t00_wp	weapon
313	313,12782,12783,12784,12785	lineageweapons.temptation_of_abyss_m00_wp|lineageweaponstex.temptation_of_abyss_t00_wp	weapon
314	314,12786,12787,12788,12789	lineageweapons.proof_of_revenge_m00_wp|lineageweaponstex.proof_of_revenge_t00_wp	weapon
315	315,7827,8587,12790,12791,12792,12793,13627,13628,13629,13630	lineageweapons.divine_tome_m00_wp|lineageweaponstex.divine_tome_t00_wp	weapon
316	316,12794,12795,12796,12797	lineageweapons.blood_of_saints_m00_wp|lineageweaponstex.blood_of_saints_t00_wp	weapon
317	317,12798,12799,12800,12801	lineageweapons.tome_of_blood_m00_wp|lineageweaponstex.tome_of_blood_t00_wp	weapon
318	318,12802,12803,12804,12805	lineageweapons.crucifix_of_blood_m00_wp|lineageweaponstex.crucifix_of_blood_t00_wp	weapon
321	321,12814,12815,12816,12817	lineageweapons.demon_fangs_m00_wp|lineageweaponstex.demon_fangs_t00_wp	weapon
325	325,12829,12830,12831	lineageweapons.horn_of_glory_m00_wp|lineageweaponstex.horn_of_glory_t00_wp	weapon
326	326,12832,12833,12834	lineageweapons.heathens_book_m00_wp|lineageweaponstex.heathens_book_t00_wp	weapon
625	625,9036	lineageweapons.bone_shield_m00_sh|lineageweaponstex.bone_shield_t00_sh|lineageweaponstex.bone_shield_t01_sh	shield
626	626	lineageweapons.bronze_shield_m00_sh|lineageweaponstex.bronze_shield_t00_sh|lineageweaponstex.round_shield_t01_sh	shield
627	627	lineageweapons.aspis_m00_sh|lineageweaponstex.aspis_t00_sh|lineageweaponstex.aspis_t01_sh	shield
628	628,4222,9044	lineageweapons.hoplon_m00_sh|lineageweaponstex.hoplon_t00_sh|lineageweaponstex.kite_shield_t01_sh	shield
629	629	lineageweapons.kite_shield_m00_sh|lineageweaponstex.kite_shield_t00_sh|lineageweaponstex.kite_shield_t01_sh	shield
630	630	lineageweapons.square_shield_m00_sh|lineageweaponstex.square_shield_t00_sh|lineageweaponstex.square_shield_t01_sh	shield
631	631	lineageweapons.eldarake_m00_sh|lineageweaponstex.eldarake_t00_sh|lineageweaponstex.eldarake_t01_sh	shield
632	632,645,648,649,652,656,661,665,671,672,674	lineageweapons.knight_shield_m00_sh|lineageweaponstex.knight_shield_t00_sh|lineageweaponstex.knight_shield_t01_sh	shield
633	633,9070	lineageweapons.composite_shield_m00_sh|lineageweaponstex.shrnoens_shield_t00_sh|lineageweaponstex.composite_shield_t01_sh	shield
634	634,2498,5315,9129	lineageweapons.shield_of_nightmare_m00_sh|lineageweaponstex.shield_of_nightmare_t00_sh|lineageweaponstex.shield_of_nightmare_t01_sh	shield
638	638	lineageweapons.glorious_shield_m00_sh|lineageweaponstex.glorious_shield_t00_sh|lineageweaponstex.glorious_shield_t01_sh	shield
641	641,5292,9084	lineageweapons.dark_crystal_shield_m00_sh|lineageweaponstex.dark_crystal_shield_t00_sh|lineageweaponstex.dark_crystal_shield_t01_sh	shield
642	642,643,657	lineageweapons.shield_of_victory_m00_sh|lineageweaponstex.shield_of_victory_t00_sh|lineageweaponstex.buckler_t01_sh	shield
644	644,647,650	lineageweapons.shield_of_grace_m00_sh|lineageweaponstex.shield_of_grace_t00_sh|lineageweaponstex.composite_shield_t01_sh	shield
646	646,651,662,667,670	lineageweapons.shield_of_assistance_m00_sh|lineageweaponstex.shield_of_assistance_t00_sh|lineageweaponstex.composite_shield_t01_sh	shield
655	655	lineageweapons.sages_shield_m00_sh|lineageweaponstex.sages_shield_t00_sh|lineageweaponstex.buckler_t01_sh	shield
673	673	lineageweapons.avadon_shield_m00_sh|lineageweaponstex.avadon_shield_t00_sh|lineageweaponstex.kite_shield_t01_sh	shield
945	945	lineageweapons.skeleton_buckler_m00_sh|lineageweaponstex.skeleton_buckler_t00_sh|lineageweaponstex.skeleton_buckler_t01_sh	shield
946	946,12905,12906,12907,12908,12909	lineageweapons.dagger_m00_wp|lineageweaponstex.skeleton_sword_t00_wp	weapon
981	981,1333,3027,12915,12916,12917,12918,12919,13010,13011,13012,13013,13014,13410,13411,13412,13413,13414	lineageweapons.brandish_m00_wp|lineageweaponstex.brandish_t00_wp	weapon
1299	1299,12965,12966,12967,12968,12969	lineageweapons.sword_of_delusion_m00_wp|lineageweapons.sword_of_magic_m00_wp|lineageweaponstex.sword_of_delusion_t00_wp|lineageweaponstex.sword_of_magic_t00_wp	weapon
1328	1328	lineageweapons.leather_shield_m00_sh|lineageweaponstex.leather_shield_t00_sh|lineageweaponstex.leather_shield_t01_sh	shield
1331	1331	lineageweapons.round_shield_m00_sh|lineageweaponstex.round_shield_t00_sh|lineageweaponstex.buckler_t01_sh	shield
1376	1376,13015,13016,13017,13018	lineageweapons.guard_spear_m00_wp|lineageweaponstex.guard_spear_t00_wp	weapon
1471	1471,13019,13020,13021,13022	lineageweapons.silenos_blowgun_m00_wp|lineageweaponstex.silenos_blowgun_t00_wp	monster
1472	1472,13023,13024,13025,13026	lineageweapons.death_knight_blader_m00_wp|lineageweaponstex.death_knight_blader_t00_wp	monster
2368	2368,13041,13042,13043,13044,13045	lineageweapons.training_gloves_m00_wp|lineageweapons.training_gloves_m00_wp|lineageweaponstex.training_gloves_t00_wp|lineageweaponstex.training_gloves_t00_wp	weapon
2369	2369,13046,13047,13048,13049,13050	lineageweapons.squires_sword_m00_wp|lineageweaponstex.squires_sword_t00_wp	weapon
2493	2493	lineageweapons.dark_crystal_shield_m00_sh|lineageweaponstex.brigandine_shield_t00_sh|lineageweaponstex.brigandine_shield_t01_sh	shield
2494	2494	lineageweapons.plate_shield_m00_sh|lineageweaponstex.plate_shield_t00_sh|lineageweaponstex.plate_shield_t01_sh	shield
2495	2495	lineageweapons.chain_shield_m00_sh|lineageweaponstex.chain_shield_t00_sh|lineageweaponstex.kite_shield_t01_sh	shield
2496	2496,4223	lineageweapons.dwarven_chain_shield_m00_sh|lineageweaponstex.dwarven_chain_shield_t00_sh|lineageweaponstex.small_shield_t01_sh	shield
2497	2497	lineageweapons.full_plate_shield_m00_sh|lineageweaponstex.full_plate_shield_t00_sh|lineageweaponstex.full_plate_shield_t01_sh	shield
2499	2499,13076,13077,13078,13079	lineageweapons.elven_long_sword_m00_wp|lineageweaponstex.elven_long_sword_t00_wp	weapon
2500	2500,9029,13080	lineageweapons.dark_legions_edge_m00_wp|lineageweaponstex.dark_legions_edge_t00_wp	weapon
2502	2502,8836,13086,13087,13088	lineageweapons.dwarven_warhammer_m00_wp|lineageweaponstex.dwarven_warhammer_t00_wp	weapon
2503	2503,13089,13090,13091	lineageweapons.yaksa_mace_m00_wp|lineageweaponstex.yaksa_mace_t00_wp	weapon
2504	2504,8866,9018,13092	lineageweapons.meteor_shower_m00_wp|lineageweaponstex.meteor_shower_t00_wp	weapon
2505	2505,3439,3902,3903,3904,3905,3906,3907,3908,3909,3910,3911,3919,3920,3921,3922,3923,3924,3925,4237,4238,5176,5177,5178,5179,5180,5181,5187,5188,5189,5190,5191,5217	dropitems.drop_sack_m00|dropitemstex.drop_sack_t00	weapon
2507	2507	lineageweapons.lizardspear_m00_wp|lineageweaponstex.lizardspear_t00_wp	weapon
2525	2525,13127,13128,13129,13130	lineageweapons.bastard_sword_m00_wp|lineageweapons.bastard_sword_m00_wp|lineageweaponstex.bastard_sword_t00_wp|lineageweaponstex.bastard_sword_t00_wp	weapon
2526	2526,13131,13132,13133,13134	lineageweapons.bastard_sword_m00_wp|lineageweapons.spinebone_sword_m00_wp|lineageweaponstex.bastard_sword_t00_wp|lineageweaponstex.spinebone_sword_t00_wp	weapon
2527	2527,13135,13136,13137,13138	lineageweapons.bastard_sword_m00_wp|lineageweapons.artisans_sword_m00_wp|lineageweaponstex.bastard_sword_t00_wp|lineageweaponstex.artisans_sword_t00_wp	weapon
2528	2528,13139,13140,13141,13142	lineageweapons.bastard_sword_m00_wp|lineageweapons.knights_sword_m00_wp|lineageweaponstex.bastard_sword_t00_wp|lineageweaponstex.knights_sword_t00_wp	weapon
2530	2530,13147,13148,13149,13150	lineageweapons.bastard_sword_m00_wp|lineageweapons.elven_sword_m00_wp|lineageweaponstex.bastard_sword_t00_wp|lineageweaponstex.elven_sword_t00_wp	weapon
2531	2531,13151,13152,13153	lineageweapons.bastard_sword_m00_wp|lineageweapons.sword_of_revolution_m00_wp|lineageweaponstex.bastard_sword_t00_wp|lineageweaponstex.sword_of_revolution_t00_wp	weapon
2532	2532,13154,13155,13156	lineageweapons.bastard_sword_m00_wp|lineageweapons.elven_long_sword_m00_wp|lineageweaponstex.bastard_sword_t00_wp|lineageweaponstex.elven_long_sword_t00_wp	weapon
2533	2533,13157,13158,13159,13160	lineageweapons.spinebone_sword_m00_wp|lineageweapons.spinebone_sword_m00_wp|lineageweaponstex.spinebone_sword_t00_wp|lineageweaponstex.spinebone_sword_t00_wp	weapon
2534	2534,13161,13162,13163,13164	lineageweapons.spinebone_sword_m00_wp|lineageweapons.artisans_sword_m00_wp|lineageweaponstex.spinebone_sword_t00_wp|lineageweaponstex.artisans_sword_t00_wp	weapon
2535	2535,13165,13166,13167,13168	lineageweapons.spinebone_sword_m00_wp|lineageweapons.knights_sword_m00_wp|lineageweaponstex.spinebone_sword_t00_wp|lineageweaponstex.knights_sword_t00_wp	weapon
2537	2537,13173,13174,13175,13176	lineageweapons.spinebone_sword_m00_wp|lineageweapons.elven_sword_m00_wp|lineageweaponstex.spinebone_sword_t00_wp|lineageweaponstex.elven_sword_t00_wp	weapon
2538	2538,13177,13178,13179	lineageweapons.spinebone_sword_m00_wp|lineageweapons.sword_of_revolution_m00_wp|lineageweaponstex.spinebone_sword_t00_wp|lineageweaponstex.sword_of_revolution_t00_wp	weapon
2539	2539,13180,13181,13182	lineageweapons.spinebone_sword_m00_wp|lineageweapons.elven_long_sword_m00_wp|lineageweaponstex.spinebone_sword_t00_wp|lineageweaponstex.elven_long_sword_t00_wp	weapon
2540	2540,13183,13184,13185,13186	lineageweapons.artisans_sword_m00_wp|lineageweapons.artisans_sword_m00_wp|lineageweaponstex.artisans_sword_t00_wp|lineageweaponstex.artisans_sword_t00_wp	weapon
2541	2541,13187,13188,13189,13190	lineageweapons.artisans_sword_m00_wp|lineageweapons.knights_sword_m00_wp|lineageweaponstex.artisans_sword_t00_wp|lineageweaponstex.knights_sword_t00_wp	weapon
2543	2543,13195,13196,13197,13198	lineageweapons.artisans_sword_m00_wp|lineageweapons.elven_sword_m00_wp|lineageweaponstex.artisans_sword_t00_wp|lineageweaponstex.elven_sword_t00_wp	weapon
2544	2544,13199,13200,13201	lineageweapons.artisans_sword_m00_wp|lineageweapons.sword_of_revolution_m00_wp|lineageweaponstex.artisans_sword_t00_wp|lineageweaponstex.sword_of_revolution_t00_wp	weapon
2545	2545,13202,13203,13204	lineageweapons.artisans_sword_m00_wp|lineageweapons.elven_long_sword_m00_wp|lineageweaponstex.artisans_sword_t00_wp|lineageweaponstex.elven_long_sword_t00_wp	weapon
2546	2546,13205,13206,13207,13208	lineageweapons.knights_sword_m00_wp|lineageweapons.knights_sword_m00_wp|lineageweaponstex.knights_sword_t00_wp|lineageweaponstex.knights_sword_t00_wp	weapon
2548	2548,13213,13214,13215,13216	lineageweapons.knights_sword_m00_wp|lineageweapons.elven_sword_m00_wp|lineageweaponstex.knights_sword_t00_wp|lineageweaponstex.elven_sword_t00_wp	weapon
2549	2549,13217,13218,13219	lineageweapons.knights_sword_m00_wp|lineageweapons.sword_of_revolution_m00_wp|lineageweaponstex.knights_sword_t00_wp|lineageweaponstex.sword_of_revolution_t00_wp	weapon
2550	2550,13220,13221,13222	lineageweapons.knights_sword_m00_wp|lineageweapons.elven_long_sword_m00_wp|lineageweaponstex.knights_sword_t00_wp|lineageweaponstex.elven_long_sword_t00_wp	weapon
2555	2555,13235,13236,13237	lineageweapons.elven_sword_m00_wp|lineageweapons.elven_sword_m00_wp|lineageweaponstex.elven_sword_t00_wp|lineageweaponstex.elven_sword_t00_wp	weapon
2556	2556,13238,13239,13240	lineageweapons.elven_sword_m00_wp|lineageweapons.sword_of_revolution_m00_wp|lineageweaponstex.elven_sword_t00_wp|lineageweaponstex.sword_of_revolution_t00_wp	weapon
2557	2557,13241,13242,13243	lineageweapons.elven_sword_m00_wp|lineageweapons.elven_long_sword_m00_wp|lineageweaponstex.elven_sword_t00_wp|lineageweaponstex.elven_long_sword_t00_wp	weapon
2558	2558,8837,13244,13245,13246	lineageweapons.sword_of_revolution_m00_wp|lineageweapons.sword_of_revolution_m00_wp|lineageweaponstex.sword_of_revolution_t00_wp|lineageweaponstex.sword_of_revolution_t00_wp	weapon
2559	2559,13247,13248,13249	lineageweapons.sword_of_revolution_m00_wp|lineageweapons.elven_long_sword_m00_wp|lineageweaponstex.sword_of_revolution_t00_wp|lineageweaponstex.elven_long_sword_t00_wp	weapon
2560	2560,13250,13251,13252	lineageweapons.elven_long_sword_m00_wp|lineageweapons.elven_long_sword_m00_wp|lineageweaponstex.elven_long_sword_t00_wp|lineageweaponstex.elven_long_sword_t00_wp	weapon
2561	2561,8848,8937,9000,13253,13254,13255	lineageweapons.stormbringer_m00_wp|lineageweapons.stormbringer_m00_wp|lineageweaponstex.stormbringer_t00_wp|lineageweaponstex.stormbringer_t00_wp	weapon
2564	2564,13262,13263,13264	lineageweapons.stormbringer_m00_wp|lineageweapons.spirits_sword_m00_wp|lineageweaponstex.stormbringer_t00_wp|lineageweaponstex.spirits_sword_t00_wp	weapon
2565	2565,13265,13266,13267	lineageweapons.stormbringer_m00_wp|lineageweapons.raid_sword_m00_wp|lineageweaponstex.stormbringer_t00_wp|lineageweaponstex.raid_sword_t00_wp	weapon
2566	2566,13268,13269	lineageweapons.stormbringer_m00_wp|lineageweapons.caliburs_m00_wp|lineageweaponstex.stormbringer_t00_wp|lineageweaponstex.caliburs_t00_wp	weapon
2567	2567,13270,13271	lineageweapons.stormbringer_m00_wp|lineageweapons.sword_of_limit_m00_wp|lineageweaponstex.stormbringer_t00_wp|lineageweaponstex.sword_of_limit_t00_wp	weapon
2569	2569,13274,13275	lineageweapons.stormbringer_m00_wp|lineageweapons.sword_of_nightmare_m00_wp|lineageweaponstex.stormbringer_t00_wp|lineageweaponstex.sword_of_nightmare_t00_wp	weapon
2570	2570,13276,13277	lineageweapons.stormbringer_m00_wp|lineageweapons.tsurugi_m00_wp|lineageweaponstex.stormbringer_t00_wp|lineageweaponstex.tsurugi_t00_wp	weapon
2571	2571,13278,13279	lineageweapons.stormbringer_m00_wp|lineageweapons.samurai_longsword_m00_wp|lineageweaponstex.stormbringer_t00_wp|lineageweaponstex.samurai_longsword_t00_wp	weapon
2591	2591,13325,13326,13327	lineageweapons.spirits_sword_m00_wp|lineageweapons.spirits_sword_m00_wp|lineageweaponstex.spirits_sword_t00_wp|lineageweaponstex.spirits_sword_t00_wp	weapon
2592	2592,13328,13329,13330	lineageweapons.spirits_sword_m00_wp|lineageweapons.raid_sword_m00_wp|lineageweaponstex.spirits_sword_t00_wp|lineageweaponstex.raid_sword_t00_wp	weapon
2593	2593,13331,13332	lineageweapons.spirits_sword_m00_wp|lineageweapons.caliburs_m00_wp|lineageweaponstex.spirits_sword_t00_wp|lineageweaponstex.caliburs_t00_wp	weapon
2594	2594,13333,13334	lineageweapons.spirits_sword_m00_wp|lineageweapons.sword_of_limit_m00_wp|lineageweaponstex.spirits_sword_t00_wp|lineageweaponstex.sword_of_limit_t00_wp	weapon
2596	2596,13337,13338	lineageweapons.spirits_sword_m00_wp|lineageweapons.sword_of_nightmare_m00_wp|lineageweaponstex.spirits_sword_t00_wp|lineageweaponstex.sword_of_nightmare_t00_wp	weapon
2597	2597,13339,13340	lineageweapons.spirits_sword_m00_wp|lineageweapons.tsurugi_m00_wp|lineageweaponstex.spirits_sword_t00_wp|lineageweaponstex.tsurugi_t00_wp	weapon
2598	2598,13341,13342	lineageweapons.spirits_sword_m00_wp|lineageweapons.samurai_longsword_m00_wp|lineageweaponstex.spirits_sword_t00_wp|lineageweaponstex.samurai_longsword_t00_wp	weapon
2599	2599,13343,13344,13345	lineageweapons.raid_sword_m00_wp|lineageweapons.raid_sword_m00_wp|lineageweaponstex.raid_sword_t00_wp|lineageweaponstex.raid_sword_t00_wp	weapon
2600	2600,13346,13347	lineageweapons.raid_sword_m00_wp|lineageweapons.caliburs_m00_wp|lineageweaponstex.raid_sword_t00_wp|lineageweaponstex.caliburs_t00_wp	weapon
2601	2601,13348,13349	lineageweapons.raid_sword_m00_wp|lineageweapons.sword_of_limit_m00_wp|lineageweaponstex.raid_sword_t00_wp|lineageweaponstex.sword_of_limit_t00_wp	weapon
2603	2603,13352,13353	lineageweapons.raid_sword_m00_wp|lineageweapons.sword_of_nightmare_m00_wp|lineageweaponstex.raid_sword_t00_wp|lineageweaponstex.sword_of_nightmare_t00_wp	weapon
2604	2604,13354,13355	lineageweapons.raid_sword_m00_wp|lineageweapons.tsurugi_m00_wp|lineageweaponstex.raid_sword_t00_wp|lineageweaponstex.tsurugi_t00_wp	weapon
2605	2605,13356,13357	lineageweapons.raid_sword_m00_wp|lineageweapons.samurai_longsword_m00_wp|lineageweaponstex.raid_sword_t00_wp|lineageweaponstex.samurai_longsword_t00_wp	weapon
2606	2606,13358,13359	lineageweapons.caliburs_m00_wp|lineageweapons.caliburs_m00_wp|lineageweaponstex.caliburs_t00_wp|lineageweaponstex.caliburs_t00_wp	weapon
2607	2607,13360,13361	lineageweapons.caliburs_m00_wp|lineageweapons.sword_of_limit_m00_wp|lineageweaponstex.caliburs_t00_wp|lineageweaponstex.sword_of_limit_t00_wp	weapon
2609	2609,13364,13365	lineageweapons.caliburs_m00_wp|lineageweapons.sword_of_nightmare_m00_wp|lineageweaponstex.caliburs_t00_wp|lineageweaponstex.sword_of_nightmare_t00_wp	weapon
2610	2610,13366,13367	lineageweapons.caliburs_m00_wp|lineageweapons.tsurugi_m00_wp|lineageweaponstex.caliburs_t00_wp|lineageweaponstex.tsurugi_t00_wp	weapon
2611	2611,13368,13369	lineageweapons.caliburs_m00_wp|lineageweapons.samurai_longsword_m00_wp|lineageweaponstex.caliburs_t00_wp|lineageweaponstex.samurai_longsword_t00_wp	weapon
2612	2612,13370,13371	lineageweapons.sword_of_limit_m00_wp|lineageweapons.sword_of_limit_m00_wp|lineageweaponstex.sword_of_limit_t00_wp|lineageweaponstex.sword_of_limit_t00_wp	weapon
2614	2614,13374,13375	lineageweapons.sword_of_limit_m00_wp|lineageweapons.sword_of_nightmare_m00_wp|lineageweaponstex.sword_of_limit_t00_wp|lineageweaponstex.sword_of_nightmare_t00_wp	weapon
2615	2615,13376,13377	lineageweapons.sword_of_limit_m00_wp|lineageweapons.tsurugi_m00_wp|lineageweaponstex.sword_of_limit_t00_wp|lineageweaponstex.tsurugi_t00_wp	weapon
2616	2616,13378,13379	lineageweapons.sword_of_limit_m00_wp|lineageweapons.samurai_longsword_m00_wp|lineageweaponstex.sword_of_limit_t00_wp|lineageweaponstex.samurai_longsword_t00_wp	weapon
8857	8857,9009,13380,13381	lineageweapons.sword_of_delusion_m00_wp|lineageweapons.sword_of_delusion_m00_wp|lineageweaponstex.sword_of_delusion_t00_wp|lineageweaponstex.sword_of_delusion_t00_wp	weapon
2621	2621,13388,13389	lineageweapons.sword_of_nightmare_m00_wp|lineageweapons.sword_of_nightmare_m00_wp|lineageweaponstex.sword_of_nightmare_t00_wp|lineageweaponstex.sword_of_nightmare_t00_wp	weapon
2622	2622,13390,13391	lineageweapons.sword_of_nightmare_m00_wp|lineageweapons.tsurugi_m00_wp|lineageweaponstex.sword_of_nightmare_t00_wp|lineageweaponstex.tsurugi_t00_wp	weapon
2623	2623,13392,13393	lineageweapons.sword_of_nightmare_m00_wp|lineageweapons.samurai_longsword_m00_wp|lineageweaponstex.sword_of_nightmare_t00_wp|lineageweaponstex.samurai_longsword_t00_wp	weapon
2624	2624,13394,13395	lineageweapons.tsurugi_m00_wp|lineageweapons.tsurugi_m00_wp|lineageweaponstex.tsurugi_t00_wp|lineageweaponstex.tsurugi_t00_wp	weapon
2625	2625,13396,13397	lineageweapons.tsurugi_m00_wp|lineageweapons.samurai_longsword_m00_wp|lineageweaponstex.tsurugi_t00_wp|lineageweaponstex.samurai_longsword_t00_wp	weapon
2626	2626,13398,13399	lineageweapons.samurai_longsword_m00_wp|lineageweapons.samurai_longsword_m00_wp|lineageweaponstex.samurai_longsword_t00_wp|lineageweaponstex.samurai_longsword_t00_wp	weapon
3937	3937,13430,13431,13432,13433	lineageweapons.giant_bar_m00_wp|lineageweaponstex.giant_bar_t00_wp	monster
3938	3938,13434,13435,13436,13437	lineageweapons.giant_rod_m00_wp|lineageweaponstex.giant_rod_t00_wp	monster
3939	3939,13438,13439,13440,13441	lineageweapons.ladys_fan_m00_wp|lineageweaponstex.ladys_fan_t00_wp	monster
4027	4027,13442,13443,13444,13445,13446	lineageweapons.flower_m00	weapon
4028	4028	id:4028	monster
4202	4202,13451,13452,13453,13454,13455	lineageweapons.chrono_cithara_m00_wp|lineageweaponstex.chrono_cithara_t00_wp	weapon
4233	4233,8838,13456,13457,13458	lineageweapons.knuckle_dust_m00_wp|lineageweapons.knuckle_dust_m00_wp|lineageweaponstex.knuckle_dust_t00_wp|lineageweaponstex.knuckle_dust_t00_wp	weapon
5127	5127,13472,13473,13474,13475	lineageweapons.dailaon_knife_m00_wp|lineageweaponstex.dailaon_knife_t00_wp	monster
5128	5128,13476,13477,13478,13479	lineageweapons.crokian_blade_m00_wp|lineageweaponstex.crokian_blade_t00_wp	monster
5129	5129,13480,13481,13482,13483	lineageweapons.doll_knife_m00_wp|lineageweapons.doll_knife_m00_wp|lineageweaponstex.doll_knife_t00_wp|lineageweaponstex.doll_knife_t00_wp	monster
5130	5130,13484,13485,13486,13487	lineageweapons.nos_sword_m00_wp|lineageweaponstex.nos_sword_t00_wp	monster
5131	5131,13488,13489,13490,13491	lineageweapons.parhit_staff_m00_wp|lineageweaponstex.parhit_staff_t00_wp	monster
5132	5132,13492,13493,13494,13495	lineageweapons.wgiant_spear_m00_wp|lineageweaponstex.wgiant_spear_t00_wp	monster
5133	5133,13496,13497,13498,13499,13500	lineageweapons.chrono_tambourine_m00_wp|lineageweapons.chrono_tambourine_m00_wp|lineageweaponstex.chrono_tambourine_t00_wp|lineageweaponstex.chrono_tambourine_t00_wp	weapon
5233	5233,5704,8865,9017,13501,13517	lineageweapons.kshanberk_m00_wp|lineageweapons.kshanberk_m00_wp|lineageweaponstex.kshanberk_t00_wp|lineageweaponstex.kshanberk_t00_wp	weapon
5284	5284,13502,13503,13504,13505,13506	lineageweapons.zweihander_m00_wp|lineageweaponstex.zweihander_t00_wp	weapon
5285	5285,13507,13508,13509,13510	lineageweapons.heavy_sword_m00_wp|lineageweaponstex.heavy_sword_t00_wp	weapon
5286	5286,13511,13512,13513	lineageweapons.berserker_blade_m00_wp|lineageweaponstex.berserker_blade_t00_wp	weapon
5705	5705,9020,13518	lineageweapons.kshanberk_m00_wp|lineageweapons.sword_of_damascus_m00_wp|lineageweaponstex.kshanberk_t00_wp|lineageweaponstex.sword_of_damascus_t00_wp	weapon
5706	5706,13519	lineageweapons.sword_of_damascus_m00_wp|lineageweapons.sword_of_damascus_m00_wp|lineageweaponstex.sword_of_damascus_t00_wp|lineageweaponstex.sword_of_damascus_t00_wp	weapon
5791	5791,13520,13521,13522,13523	lineageweapons.tomb_cudgel_m00_wp|lineageweaponstex.tomb_cudgel_t00_wp	monster
5792	5792,13524,13525,13526,13527	lineageweapons.tomb_mace_m00_wp|lineageweaponstex.tomb_mace_t00_wp	monster
5793	5793,13528,13529,13530	lineageweapons.tomb_staff_m00_wp|lineageweaponstex.tomb_staff_t00_wp	monster
5794	5794,13531,13532,13533	lineageweapons.tomb_baton_m00_wp|lineageweaponstex.tomb_baton_t00_wp	monster
5795	5795,13534,13535,13536,13537	lineageweapons.temple_spear_m00_wp|lineageweaponstex.temple_spear_t00_wp	monster
5796	5796,13538,13539,13540,13541	lineageweapons.temple_axe_m00_wp|lineageweaponstex.temple_axe_t00_wp	monster
5797	5797,13542,13543,13544	lineageweapons.temple_baton_m00_wp|lineageweaponstex.temple_baton_t00_wp	monster
5798	5798,13545,13546,13547	lineageweapons.temple_staff_m00_wp|lineageweaponstex.temple_staff_t00_wp	monster
5799	5799	lineageweapons.duskk_shield_m00_sh|lineageweaponstex.duskk_shield_t00_sh	shield
5800	5800,13548,13549,13550	lineageweapons.duskk_sword_m00_wp|lineageweaponstex.duskk_sword_t00_wp	monster
5801	5801,13551,13552,13553	lineageweapons.duskk_staff_m00_wp|lineageweaponstex.duskk_staff_t00_wp	monster
5802	5802,13554,13555,13556	lineageweapons.dawnn_book_m00_wp|lineageweaponstex.dawnn_book_t00_wp	monster
5817	5817,13557,13558,13559,13560,13561	lineageweapons.chrono_campana_m00_wp|lineageweaponstex.chrono_campana_t00_wp	weapon
6371	6371	lineageweapons.demon_splinter_m00_wp|lineageweapons.demon_splinter_m00_wp|lineageweaponstex.demon_splinter_t00_wp|lineageweaponstex.demon_splinter_t00_wp	weapon
6372	6372	lineageweapons.heavens_divider_m00_wp|lineageweaponstex.heavens_divider_t00_wp	weapon
6377	6377,6678	lineageweapons.imperial_crusader_shield_m00_sh|lineageweaponstex.imperial_crusader_shield_t00_sh|lineageweaponstex.imperial_crusader_shield_t01_sh	shield
6529	6529,6530	lineageweapons.fishing_rod_m00_wp|lineageweaponstex.fishing_rod_t00_wp	weapon
6531	6531,6532	lineageweapons.fishing_rod_m00_wp|lineageweaponstex.fishing_rod_t01_wp	weapon
6533	6533,6534	lineageweapons.fishing_rod_m00_wp|lineageweaponstex.fishing_rod_t02_wp	weapon
6579	6579	lineageweapons.arcana_mace_m00_wp|lineageweaponstex.arcana_mace_t00_wp	weapon
6580	6580	lineageweapons.tallum_blade_m00_wp|lineageweapons.dark_legions_edge_m00_wp|lineageweaponstex.tallum_blade_t00_wp|lineageweaponstex.dark_legions_edge_t00_wp	weapon
6611	6611	lineageweapons.the_sword_of_hero_m00_wp|lineageweaponstex.the_sword_of_hero_t00_wp	weapon
6612	6612	lineageweapons.the_two_handed_sword_of_hero_m00_wp|lineageweaponstex.the_two_handed_sword_of_hero_t00_wp	weapon
6613	6613	lineageweapons.the_axe_of_hero_m00_wp|lineageweaponstex.the_axe_of_hero_t00_wp	weapon
6614	6614	lineageweapons.the_mace_of_hero_m00_wp|lineageweaponstex.the_mace_of_hero_t00_wp	weapon
6615	6615	lineageweapons.the_hammer_of_hero_m00_wp|lineageweaponstex.the_hammer_of_hero_t00_wp	weapon
6616	6616	lineageweapons.the_staff_of_hero_m00_wp|lineageweaponstex.the_staff_of_hero_t00_wp	weapon
6617	6617	lineageweapons.the_dagger_of_hero_m00_wp|lineageweaponstex.the_dagger_of_hero_t00_wp	weapon
6618	6618	lineageweapons.the_fist_of_hero_m00_wp|lineageweapons.the_fist_of_hero_m00_wp|lineageweaponstex.the_fist_of_hero_t00_wp|lineageweaponstex.the_fist_of_hero_t00_wp	weapon
6619	6619	lineageweapons.the_bow_of_hero_m00_wp|lineageweaponstex.the_bow_of_hero_t00_wp	weapon
6620	6620	lineageweapons.the_dualsword_of_hero_m00_wp|lineageweapons.the_dualsword_of_hero_m00_wp|lineageweaponstex.the_dualsword_of_hero_t00_wp|lineageweaponstex.the_dualsword_of_hero_t00_wp	weapon
6621	6621	lineageweapons.the_pole_of_hero_m00_wp|lineageweaponstex.the_pole_of_hero_t00_wp	weapon
6715	6715	lineageweapons.bow_of_barka_silenos_archer_m00_wp|lineageweaponstex.bow_of_barka_silenos_archer_t00_wp	monster
6716	6716	lineageweapons.staff_of_barka_silenos_shaman_m00_wp|lineageweaponstex.staff_of_barka_silenos_shaman_t00_wp	monster
6717	6717	lineageweapons.sword_of_apostle_warrior_m00_wp|lineageweaponstex.sword_of_apostle_warrior_t00_wp	monster
6718	6718	lineageweapons.blunt_of_apostle_mage_m00_wp|lineageweaponstex.blunt_of_apostle_mage_t00_wp	monster
6719	6719	lineageweapons.axe_of_ketra_orc_chieftain_m00_wp|lineageweaponstex.axe_of_ketra_orc_chieftain_t00_wp	monster
6720	6720	lineageweapons.bow_of_halisha_m00_wp|lineageweaponstex.bow_of_halisha_t00_wp	monster
6721	6721	lineageweapons.shield_of_imperial_warlord_zombie_m00_sh|lineageweaponstex.shield_of_imperial_warlord_zombie_t00_sh	shield
6722	6722	lineageweapons.spear_of_ahrimanes_m00_wp|lineageweapons.spear_of_ahrimanes_m00_wp|lineageweaponstex.spear_of_ahrimanes_t00_wp|lineageweaponstex.spear_of_ahrimanes_t00_wp	monster
6723	6723	lineageweapons.sword_of_vampire_warrior_m00_wp|lineageweaponstex.sword_of_vampire_warrior_t00_wp	monster
6902	6902,7015	lineageweapons.pledge_shield_m00_sh|lineageweaponstex.pledge_shield_t00_sh|lineageweaponstex.pledge_shield_t01_sh|lineageweaponstex.pledge_shield_t02_sh	shield
6917	6917	lineageweapons.poison_sting_m00_et|lineageweaponstex.poison_sting_t00_et	monster
6918	6918	lineageweapons.shield_of_barkasilenos_m00_sh|lineageweaponstex.shield_of_barkasilenos_t00_sh|lineageweaponstex.kite_shield_t01_sh	shield
6919	6919	lineageweapons.shield_of_ketraorc_m00_sh|lineageweaponstex.shield_of_ketraorc_t00_sh|lineageweaponstex.bone_shield_t01_sh	shield
7058	7058,13572,13573,13574,13575,13576	lineageweapons.chrono_darbuka_m00_wp|lineageweaponstex.chrono_darbuka_t00_wp	weapon
7560	7560	lineageweapons.fishing_rod_npc_m00_wp|lineageweaponstex.fishing_rod_t00_wp	monster
7575	7575	lineageweapons.draconic_bow_m00_wp|lineageweaponstex.draconic_bow_t00_wp	weapon
7880	7880,13649,13650,13651,13652	lineageweapons.iron_sword_m00_wp|lineageweaponstex.iron_sword_t00_wp	weapon
7881	7881,13653,13654,13655,13656	lineageweapons.giants_sword_m00_wp|lineageweaponstex.giants_sword_t00_wp	weapon
7882	7882,8846,8933,8998,13657,13658,13659	lineageweapons.sword_of_paagrio_m00_wp|lineageweaponstex.sword_of_paagrio_t00_wp	weapon
7883	7883,13660,13661	lineageweapons.guardians_sword_m00_wp|lineageweaponstex.guardians_sword_t00_wp	weapon
7884	7884,8867,9019,13662	lineageweapons.inferno_master_m00_wp|lineageweaponstex.inferno_master_t00_wp	weapon
7885	7885,13663,13664,13665,13666	lineageweapons.sword_of_priest_m00_wp|lineageweaponstex.sword_of_priest_t00_wp	weapon
7886	7886,13667,13668,13669,13670	lineageweapons.sword_of_magic_fog_m00_wp|lineageweaponstex.sword_of_magic_fog_t00_wp	weapon
7888	7888,13674,13675,13676	lineageweapons.sword_of_eclipse_m00_wp|lineageweaponstex.sword_of_eclipse_t00_wp	weapon
7889	7889,13677,13678	lineageweapons.tears_of_wizard_m00_wp|lineageweaponstex.tears_of_wizard_t00_wp	weapon
7890	7890,13679,13680,13681,13682	lineageweapons.mace_of_priest_m00_wp|lineageweaponstex.mace_of_priest_t00_wp	weapon
7891	7891,13683,13684,13685	lineageweapons.eclipse_axe_m00_wp|lineageweaponstex.eclipse_axe_t00_wp	weapon
7892	7892,13686,13687	lineageweapons.spell_breaker_m00_wp|lineageweaponstex.spell_breaker_t00_wp	weapon
7893	7893,13688,13689	lineageweapons.bone_of_kaim_vanul_m00_wp|lineageweaponstex.bone_of_kaim_vanul_t00_wp	weapon
7894	7894,13690	lineageweapons.eye_of_soul_m00_wp|lineageweaponstex.eye_of_soul_t00_wp	weapon
7895	7895,13691	lineageweapons.dragon_flame_head_m00_wp|lineageweaponstex.dragon_flame_head_t00_wp	weapon
7896	7896,13692,13693,13694,13695	lineageweapons.giants_hammer_m00_wp|lineageweaponstex.giants_hammer_t00_wp	weapon
7897	7897,13696,13697,13698	lineageweapons.dwarven_hammer_m00_wp|lineageweaponstex.dwarven_hammer_t00_wp	weapon
7898	7898,13699,13700,13701	lineageweapons.horn_of_karik_m00_wp|lineageweaponstex.horn_of_karik_t00_wp	weapon
7899	7899,13702	lineageweapons.hammer_of_destroyer_m00_wp|lineageweaponstex.hammer_of_destroyer_t00_wp	weapon
7900	7900,13703,13704	lineageweapons.ice_storm_hammer_m00_wp|lineageweaponstex.ice_storm_hammer_t00_wp	weapon
7901	7901,13705,13706	lineageweapons.star_buster_m00_wp|lineageweaponstex.star_buster_t00_wp	weapon
7902	7902,13707	lineageweapons.doom_crusher_m00_wp|lineageweaponstex.doom_crusher_t00_wp	weapon
7903	7903,8204,13708,13709,13710,13711,13712	lineageweapons.mon_follower_of_frintessa_calibur_m00_wp|lineageweaponstex.mon_follower_of_frintessa_calibur_t00_wp	monster
8190	8190	lineageweapons.unique_zariche_m00_wp|lineageweaponstex.unique_zariche_t00_wp	weapon
8203	8203	lineageweapons.mon_benom_sword_m00_wp|lineageweapons.mon_benom_sword_m00_wp|lineageweaponstex.mon_benom_sword_t00_wp|lineageweaponstex.mon_benom_sword_t00_wp	monster
8205	8205	lineageweapons.mon_heretic_priest_sickle_m00_wp|lineageweaponstex.mon_heretic_priest_sickle_t00_wp	monster
8206	8206	lineageweapons.mon_heretic_priest_sword_m00_wp|lineageweapons.mon_heretic_priest_sword_m00_wp|lineageweaponstex.mon_heretic_priest_sword_t00_wp|lineageweaponstex.mon_heretic_priest_sword_t00_wp	monster
8207	8207	lineageweapons.mon_heretic_privates_axe_m00_wp|lineageweapons.mon_heretic_privates_axe_m00_wp|lineageweaponstex.mon_heretic_privates_axe_t00_wp|lineageweaponstex.mon_heretic_privates_axe_t00_wp	monster
8208	8208	lineageweapons.mon_heretic_privates_staff_m00_wp|lineageweaponstex.mon_heretic_privates_staff_t00_wp	monster
8209	8209	lineageweapons.mon_lidia_von_helmann_sword_m00_wp|lineageweaponstex.mon_lidia_von_helmann_sword_t00_wp	monster
8210	8210	lineageweapons.mon_monk_warrior_shield_m00_sh|lineageweaponstex.mon_monk_warrior_shield_t00_sh|lineageweaponstex.mon_monk_warrior_shield_t01_sh	shield
8211	8211	lineageweapons.mon_monk_warrior_sword_m00_wp|lineageweaponstex.mon_monk_warrior_sword_t00_wp	monster
8212	8212	lineageweapons.mon_solina_brother_mace_m00_wp|lineageweaponstex.mon_solina_brother_mace_t00_wp	monster
8213	8213	lineageweapons.mon_solina_father_mace_m00_wp|lineageweaponstex.mon_solina_father_mace_t00_wp	monster
8214	8214	lineageweapons.mon_solina_priest_pole_m00_wp|lineageweaponstex.mon_solina_priest_pole_t00_wp	monster
8215	8215	lineageweapons.mon_zombie_enlisted_man_sword_m00_wp|lineageweaponstex.mon_zombie_enlisted_man_sword_t00_wp	monster
8216	8216	lineageweapons.mon_zombie_enlisted_man_claw_m00_wp|lineageweapons.mon_zombie_enlisted_man_claw_m00_wp|lineageweaponstex.mon_zombie_enlisted_man_sword_t00_wp|lineageweaponstex.mon_zombie_enlisted_man_sword_t00_wp	monster
8217	8217	lineageweapons.mon_zombie_gateguard_spear_m00_wp|lineageweaponstex.mon_zombie_gateguard_spear_t00_wp	monster
8218	8218	lineageweapons.mon_zombie_laborer_axe_m00_wp|lineageweaponstex.mon_zombie_laborer_axe_t00_wp	monster
8219	8219	lineageweapons.mon_zombie_laborer_sword_m00_wp|lineageweaponstex.mon_zombie_laborer_axe_t00_wp	monster
8220	8220	lineageweapons.mon_apostle_grail_bow_m00_wp|lineageweaponstex.mon_apostle_grail_bow_t00_wp	monster
8221	8221	lineageweapons.mon_apostle_grail_spear_m00_wp|lineageweaponstex.mon_apostle_grail_spear_t00_wp	monster
8222	8222	lineageweapons.mon_follower_of_frintessa_tran_calibur_m00_wp|lineageweaponstex.mon_follower_of_frintessa_tran_calibur_t00_wp	monster
8350	8350,13713,13714,13715,13716,13717	lineageweapons.chrono_maracas_m00_wp|lineageweapons.chrono_maracas_m00_wp|lineageweaponstex.chrono_maracas_t00_wp|lineageweaponstex.chrono_maracas_t00_wp	weapon
8527	8527,13718,13719,13720,13721	lineageweapons.strengthening_bow_m00_wp|lineageweaponstex.strengthening_bow_t01_wp	monster
8528	8528,13722,13723,13724,13725	lineageweapons.doom_hammer_m00_wp|lineageweaponstex.doom_hammer_t01_wp	monster
8529	8529,13726,13727,13728,13729,13730	lineageweapons.knife_m00_wp|lineageweaponstex.knife_t01_wp	monster
8530	8530,13731,13732,13733,13734,13735	lineageweapons.squires_sword_m00_wp|lineageweaponstex.squires_sword_t01_wp	monster
8531	8531,13736,13737,13738,13739	lineageweapons.apprentices_staff_m00_wp|lineageweaponstex.apprentices_staff_t01_wp	monster
8532	8532,13740,13741,13742,13743	lineageweapons.spinebone_sword_m00_wp|lineageweaponstex.spinebone_sword_t01_wp	monster
8533	8533,13744,13745,13746,13747	lineageweapons.crimson_sword_m00_wp|lineageweaponstex.crimson_sword_t01_wp	monster
8678	8678,13748	lineageweapons.sirr_blade_m00_wp|lineageweaponstex.sirr_blade_t00_wp	weapon
8679	8679,13749	lineageweapons.sword_of_ipos_m00_wp|lineageweaponstex.sword_of_ipos_t00_wp	weapon
8680	8680,13750	lineageweapons.barakiel_axe_m00_wp|lineageweaponstex.barakiel_axe_t00_wp	weapon
8681	8681,13751	lineageweapons.tuning_fork_of_behemoth_m00_wp|lineageweaponstex.tuning_fork_of_behemoth_t00_wp	weapon
8682	8682,13752	lineageweapons.naga_storm_m00_wp|lineageweaponstex.naga_storm_t00_wp	weapon
8683	8683,13753	lineageweapons.tiphon_spear_m00_wp|lineageweaponstex.tiphon_spear_t00_wp	weapon
8684	8684,13754	lineageweapons.shyid_bow_m00_wp|lineageweaponstex.shyid_bow_t00_wp	weapon
8685	8685,13755	lineageweapons.sobekk_hurricane_m00_wp|lineageweapons.sobekk_hurricane_m00_wp|lineageweaponstex.sobekk_hurricane_t00_wp|lineageweaponstex.sobekk_hurricane_t00_wp	weapon
8686	8686,13756	lineageweapons.tongue_of_themis_m00_wp|lineageweaponstex.tongue_of_themis_t00_wp	weapon
8687	8687,13757	lineageweapons.hand_of_cabrio_m00_wp|lineageweaponstex.hand_of_cabrio_t00_wp	weapon
8688	8688,13758	lineageweapons.crystal_of_deamon_m00_wp|lineageweaponstex.crystal_of_deamon_t00_wp	weapon
8689	8689	lineageweapons.aka_m00_wp|lineageweapons.manaf_m00_wp|lineageweaponstex.aka_t00_wp|lineageweaponstex.manaf_t00_wp	weapon
8763	8763	lineageweapons.seize_mace_m00_wp|lineageweaponstex.seize_mace_t00_wp	weapon
8935	8935	lineageweapons.test_rapier_m00_wp|lineageweaponstex.test_rapier_t00_wp	monster
8938	8938,13759	lineageweapons.tallum_blade_m00_wp|lineageweapons.sword_of_damascus_m00_wp|lineageweaponstex.tallum_blade_t00_wp|lineageweaponstex.sword_of_damascus_t00_wp	weapon
9136	9136,9137,13760,13761,13762,13763,13764,13765,13766	lineageweapons.mon_grail_spear_m00_wp|lineagemonsterstex3.evilate_t00	monster
9140	9140,9141,13767,13768,13769,13770,13771	lineageweapons.krono_bow_m00_wp|lineageweaponstex.krono_bow_t00_wp	weapon
