"Id","Icon","Texture","Package","File"
"2","weapon_long_sword_i00","weapon_long_sword_i00","Icon.utx","weapon_long_sword_i00.png"
"3","weapon_broad_sword_i00","weapon_broad_sword_i00","Icon.utx","weapon_broad_sword_i00.png"
"4","weapon_club_i00","weapon_club_i00","Icon.utx","weapon_club_i00.png"
"5","weapon_mace_i00","weapon_mace_i00","Icon.utx","weapon_mace_i00.png"
"6","weapon_apprentices_wand_i00","weapon_apprentices_wand_i00","Icon.utx","weapon_apprentices_wand_i00.png"
"7","weapon_apprentices_rod_i00","weapon_apprentices_rod_i00","Icon.utx","weapon_apprentices_rod_i00.png"
"8","weapon_willow_staff_i00","weapon_willow_staff_i00","Icon.utx","weapon_willow_staff_i00.png"
"9","weapon_cedar_staff_i00","weapon_cedar_staff_i00","Icon.utx","weapon_cedar_staff_i00.png"
"10","weapon_dagger_i00","weapon_dagger_i00","Icon.utx","weapon_dagger_i00.png"
"11","weapon_bone_dagger_i00","weapon_bone_dagger_i00","Icon.utx","weapon_bone_dagger_i00.png"
"12","weapon_knife_i00","weapon_knife_i00","Icon.utx","weapon_knife_i00.png"
"13","weapon_short_bow_i00","weapon_short_bow_i00","Icon.utx","weapon_short_bow_i00.png"
"14","weapon_bow_i00","weapon_bow_i00","Icon.utx","weapon_bow_i00.png"
"15","weapon_short_spear_i00","weapon_short_spear_i00","Icon.utx","weapon_short_spear_i00.png"
"16","weapon_long_spear_i00","weapon_long_spear_i00","Icon.utx","weapon_long_spear_i00.png"
"66","weapon_gladius_i00","weapon_gladius_i00","Icon.utx","weapon_gladius_i00.png"
"68","weapon_falchion_i00","weapon_falchion_i00","Icon.utx","weapon_falchion_i00.png"
"69","weapon_bastard_sword_i00","weapon_bastard_sword_i00","Icon.utx","weapon_bastard_sword_i00.png"
"70","weapon_claymore_i00","weapon_claymore_i00","Icon.utx","weapon_claymore_i00.png"
"71","weapon_flamberge_i00","weapon_flamberge_i00","Icon.utx","weapon_flamberge_i00.png"
"72","weapon_stormbringer_i00","weapon_stormbringer_i00","Icon.utx","weapon_stormbringer_i00.png"
"75","weapon_caliburs_i00","weapon_caliburs_i00","Icon.utx","weapon_caliburs_i00.png"
"77","weapon_tsurugi_i00","weapon_tsurugi_i00","Icon.utx","weapon_tsurugi_i00.png"
"78","weapon_great_sword_i00","weapon_great_sword_i00","Icon.utx","weapon_great_sword_i00.png"
"79","weapon_sword_of_damascus_i00","weapon_sword_of_damascus_i00","Icon.utx","weapon_sword_of_damascus_i00.png"
"80","weapon_tallum_blade_i00","weapon_tallum_blade_i00","Icon.utx","weapon_tallum_blade_i00.png"
"81","weapon_dragon_slayer_i00","weapon_dragon_slayer_i00","Icon.utx","weapon_dragon_slayer_i00.png"
"82","weapon_forgotten_blade_i00","weapon_forgotten_blade_i00","Icon.utx","weapon_forgotten_blade_i00.png"
"83","weapon_sword_of_magic_i00","weapon_sword_of_magic_i00","Icon.utx","weapon_sword_of_magic_i00.png"
"84","weapon_homunkuluss_sword_i00","weapon_homunkuluss_sword_i00","Icon.utx","weapon_homunkuluss_sword_i00.png"
"85","weapon_phantom_sword_i00","weapon_phantom_sword_i00","Icon.utx","weapon_phantom_sword_i00.png"
"87","weapon_iron_hammer_i00","weapon_iron_hammer_i00","Icon.utx","weapon_iron_hammer_i00.png"
"88","weapon_morning_star_i00","weapon_morning_star_i00","Icon.utx","weapon_morning_star_i00.png"
"89","weapon_big_hammer_i00","weapon_big_hammer_i00","Icon.utx","weapon_big_hammer_i00.png"
"90","weapon_goathead_staff_i00","weapon_goathead_staff_i00","Icon.utx","weapon_goathead_staff_i00.png"
"91","weapon_heavy_war_axe_i00","weapon_heavy_war_axe_i00","Icon.utx","weapon_heavy_war_axe_i00.png"
"92","weapon_sprites_staff_i00","weapon_sprites_staff_i00","Icon.utx","weapon_sprites_staff_i00.png"
"93","weapon_winged_spear_i00","weapon_winged_spear_i00","Icon.utx","weapon_winged_spear_i00.png"
"94","weapon_bech_de_corbin_i00","weapon_bech_de_corbin_i00","Icon.utx","weapon_bech_de_corbin_i00.png"
"95","weapon_poleaxe_i00","weapon_poleaxe_i00","Icon.utx","weapon_poleaxe_i00.png"
"97","weapon_lancia_i00","weapon_lancia_i00","Icon.utx","weapon_lancia_i00.png"
"98","weapon_halbard_i00","weapon_halbard_i00","Icon.utx","weapon_halbard_i00.png"
"99","weapon_apprentices_spellbook_i00","weapon_apprentices_spellbook_i00","Icon.utx","weapon_apprentices_spellbook_i00.png"
"100","weapon_voodoo_doll_i00","weapon_voodoo_doll_i00","Icon.utx","weapon_voodoo_doll_i00.png"
"101","weapon_scroll_of_wisdom_i00","weapon_scroll_of_wisdom_i00","Icon.utx","weapon_scroll_of_wisdom_i00.png"
"120","weapon_sword_of_watershadow_i00","weapon_sword_of_watershadow_i00","Icon.utx","weapon_sword_of_watershadow_i00.png"
"122","weapon_handmade_sword_i00","weapon_handmade_sword_i00","Icon.utx","weapon_handmade_sword_i00.png"
"124","weapon_two_handed_sword_i00","weapon_two_handed_sword_i00","Icon.utx","weapon_two_handed_sword_i00.png"
"125","weapon_spinebone_sword_i00","weapon_spinebone_sword_i00","Icon.utx","weapon_spinebone_sword_i00.png"
"126","weapon_artisans_sword_i00","weapon_artisans_sword_i00","Icon.utx","weapon_artisans_sword_i00.png"
"128","weapon_knights_sword_i00","weapon_knights_sword_i00","Icon.utx","weapon_knights_sword_i00.png"
"129","weapon_sword_of_revolution_i00","weapon_sword_of_revolution_i00","Icon.utx","weapon_sword_of_revolution_i00.png"
"130","weapon_elven_sword_i00","weapon_elven_sword_i00","Icon.utx","weapon_elven_sword_i00.png"
"131","weapon_spirits_sword_i00","weapon_spirits_sword_i00","Icon.utx","weapon_spirits_sword_i00.png"
"132","weapon_sword_of_limit_i00","weapon_sword_of_limit_i00","Icon.utx","weapon_sword_of_limit_i00.png"
"133","weapon_raid_sword_i00","weapon_raid_sword_i00","Icon.utx","weapon_raid_sword_i00.png"
"134","weapon_sword_of_nightmare_i00","weapon_sword_of_nightmare_i00","Icon.utx","weapon_sword_of_nightmare_i00.png"
"135","weapon_samurai_longsword_i00","weapon_samurai_longsword_i00","Icon.utx","weapon_samurai_longsword_i00.png"
"136","weapon_limpid_sword_i00","weapon_limpid_sword_i00","Icon.utx","weapon_limpid_sword_i00.png"
"139","weapon_deathbreath_sword_i00","weapon_deathbreath_sword_i00","Icon.utx","weapon_deathbreath_sword_i00.png"
"142","weapon_kshanberk_i00","weapon_kshanberk_i00","Icon.utx","weapon_kshanberk_i00.png"
"143","weapon_sword_of_mystic_i00","weapon_sword_of_mystic_i00","Icon.utx","weapon_sword_of_mystic_i00.png"
"144","weapon_sword_of_occult_i00","weapon_sword_of_occult_i00","Icon.utx","weapon_sword_of_occult_i00.png"
"148","weapon_sword_of_valhalla_i00","weapon_sword_of_valhalla_i00","Icon.utx","weapon_sword_of_valhalla_i00.png"
"149","weapon_needle_wolverine_i00","weapon_needle_wolverine_i00","Icon.utx","weapon_needle_wolverine_i00.png"
"150","weapon_elemental_sword_i00","weapon_elemental_sword_i00","Icon.utx","weapon_elemental_sword_i00.png"
"151","weapon_sword_of_miracle_i00","weapon_sword_of_miracle_i00","Icon.utx","weapon_sword_of_miracle_i00.png"
"152","weapon_heavy_chisel_i00","weapon_heavy_chisel_i00","Icon.utx","weapon_heavy_chisel_i00.png"
"154","weapon_dwarven_mace_i00","weapon_dwarven_mace_i00","Icon.utx","weapon_dwarven_mace_i00.png"
"155","weapon_buzdygan_i00","weapon_buzdygan_i00","Icon.utx","weapon_buzdygan_i00.png"
"156","weapon_hand_axe_i00","weapon_hand_axe_i00","Icon.utx","weapon_hand_axe_i00.png"
"157","weapon_spike_club_i00","weapon_spike_club_i00","Icon.utx","weapon_spike_club_i00.png"
"158","weapon_tarbar_i00","weapon_tarbar_i00","Icon.utx","weapon_tarbar_i00.png"
"159","weapon_bonebreaker_i00","weapon_bonebreaker_i00","Icon.utx","weapon_bonebreaker_i00.png"
"160","weapon_battle_axe_i00","weapon_battle_axe_i00","Icon.utx","weapon_battle_axe_i00.png"
"161","weapon_war_pick_i00","weapon_war_pick_i00","Icon.utx","weapon_war_pick_i00.png"
"162","weapon_war_axe_i00","weapon_war_axe_i00","Icon.utx","weapon_war_axe_i00.png"
"164","weapon_elysian_i00","weapon_elysian_i00","Icon.utx","weapon_elysian_i00.png"
"165","weapon_basalt_battlehammer_i00","weapon_basalt_battlehammer_i00","Icon.utx","weapon_basalt_battlehammer_i00.png"
"166","weapon_heavy_mace_i00","weapon_heavy_mace_i00","Icon.utx","weapon_heavy_mace_i00.png"
"167","weapon_scalpel_i00","weapon_scalpel_i00","Icon.utx","weapon_scalpel_i00.png"
"168","weapon_work_hammer_i00","weapon_work_hammer_i00","Icon.utx","weapon_work_hammer_i00.png"
"169","weapon_skull_breaker_i00","weapon_skull_breaker_i00","Icon.utx","weapon_skull_breaker_i00.png"
"171","weapon_deadmans_glory_i00","weapon_deadmans_glory_i00","Icon.utx","weapon_deadmans_glory_i00.png"
"172","weapon_heavy_bone_club_i00","weapon_heavy_bone_club_i00","Icon.utx","weapon_heavy_bone_club_i00.png"
"173","weapon_skull_graver_i00","weapon_skull_graver_i00","Icon.utx","weapon_skull_graver_i00.png"
"174","weapon_nirvana_axe_i00","weapon_nirvana_axe_i00","Icon.utx","weapon_nirvana_axe_i00.png"
"175","weapon_art_of_battle_axe_i00","weapon_art_of_battle_axe_i00","Icon.utx","weapon_art_of_battle_axe_i00.png"
"176","weapon_apprentices_staff_i00","weapon_apprentices_staff_i00","Icon.utx","weapon_apprentices_staff_i00.png"
"179","weapon_mace_of_prayer_i00","weapon_mace_of_prayer_i00","Icon.utx","weapon_mace_of_prayer_i00.png"
"180","weapon_mace_of_judgment_i00","weapon_mace_of_judgment_i00","Icon.utx","weapon_mace_of_judgment_i00.png"
"181","weapon_mace_of_miracle_i00","weapon_mace_of_miracle_i00","Icon.utx","weapon_mace_of_miracle_i00.png"
"182","weapon_doom_hammer_i00","weapon_doom_hammer_i00","Icon.utx","weapon_doom_hammer_i00.png"
"183","weapon_mystic_staff_i00","weapon_mystic_staff_i00","Icon.utx","weapon_mystic_staff_i00.png"
"184","weapon_conjure_staff_i00","weapon_conjure_staff_i00","Icon.utx","weapon_conjure_staff_i00.png"
"185","weapon_staff_of_mana_i00","weapon_staff_of_mana_i00","Icon.utx","weapon_staff_of_mana_i00.png"
"186","weapon_staff_of_magicpower_i00","weapon_staff_of_magicpower_i00","Icon.utx","weapon_staff_of_magicpower_i00.png"
"187","weapon_atuba_hammer_i00","weapon_atuba_hammer_i00","Icon.utx","weapon_atuba_hammer_i00.png"
"188","weapon_ghost_staff_i00","weapon_ghost_staff_i00","Icon.utx","weapon_ghost_staff_i00.png"
"189","weapon_life_stick_i00","weapon_life_stick_i00","Icon.utx","weapon_life_stick_i00.png"
"191","weapon_heavy_doom_hammer_i00","weapon_heavy_doom_hammer_i00","Icon.utx","weapon_heavy_doom_hammer_i00.png"
"192","weapon_crystal_staff_i00","weapon_crystal_staff_i00","Icon.utx","weapon_crystal_staff_i00.png"
"193","weapon_stick_of_faith_i00","weapon_stick_of_faith_i00","Icon.utx","weapon_stick_of_faith_i00.png"
"194","weapon_heavy_doom_axe_i00","weapon_heavy_doom_axe_i00","Icon.utx","weapon_heavy_doom_axe_i00.png"
"195","weapon_cursed_staff_i00","weapon_cursed_staff_i00","Icon.utx","weapon_cursed_staff_i00.png"
"196","weapon_stick_of_eternity_i00","weapon_stick_of_eternity_i00","Icon.utx","weapon_stick_of_eternity_i00.png"
"197","weapon_paradia_staff_i00","weapon_paradia_staff_i00","Icon.utx","weapon_paradia_staff_i00.png"
"198","weapon_inferno_staff_i00","weapon_inferno_staff_i00","Icon.utx","weapon_inferno_staff_i00.png"
"199","weapon_paagrio_hammer_i00","weapon_paagrio_hammer_i00","Icon.utx","weapon_paagrio_hammer_i00.png"
"200","weapon_sages_staff_i00","weapon_sages_staff_i00","Icon.utx","weapon_sages_staff_i00.png"
"201","weapon_club_of_nature_i00","weapon_club_of_nature_i00","Icon.utx","weapon_club_of_nature_i00.png"
"202","weapon_mace_of_underworld_i00","weapon_mace_of_underworld_i00","Icon.utx","weapon_mace_of_underworld_i00.png"
"203","weapon_paagrio_axe_i00","weapon_paagrio_axe_i00","Icon.utx","weapon_paagrio_axe_i00.png"
"204","weapon_deadmans_staff_i00","weapon_deadmans_staff_i00","Icon.utx","weapon_deadmans_staff_i00.png"
"205","weapon_ghouls_staff_i00","weapon_ghouls_staff_i00","Icon.utx","weapon_ghouls_staff_i00.png"
"206","weapon_demons_staff_i00","weapon_demons_staff_i00","Icon.utx","weapon_demons_staff_i00.png"
"210","weapon_staff_of_evil_sprit_i00","weapon_staff_of_evil_sprit_i00","Icon.utx","weapon_staff_of_evil_sprit_i00.png"
"212","weapon_dasparions_staff_i00","weapon_dasparions_staff_i00","Icon.utx","weapon_dasparions_staff_i00.png"
"213","weapon_worldtrees_branch_i00","weapon_worldtrees_branch_i00","Icon.utx","weapon_worldtrees_branch_i00.png"
"214","weapon_imperial_staff_i00","weapon_imperial_staff_i00","Icon.utx","weapon_imperial_staff_i00.png"
"215","weapon_doomed_dagger_i00","weapon_doomed_dagger_i00","Icon.utx","weapon_doomed_dagger_i00.png"
"216","weapon_dirk_i00","weapon_dirk_i00","Icon.utx","weapon_dirk_i00.png"
"217","weapon_shining_knife_i00","weapon_shining_knife_i00","Icon.utx","weapon_shining_knife_i00.png"
"218","weapon_throw_knife_i00","weapon_throw_knife_i00","Icon.utx","weapon_throw_knife_i00.png"
"219","weapon_sword_breaker_i00","weapon_sword_breaker_i00","Icon.utx","weapon_sword_breaker_i00.png"
"220","weapon_handiwork_dagger_i00","weapon_handiwork_dagger_i00","Icon.utx","weapon_handiwork_dagger_i00.png"
"221","weapon_assassin_knife_i00","weapon_assassin_knife_i00","Icon.utx","weapon_assassin_knife_i00.png"
"224","weapon_maingauche_i00","weapon_maingauche_i00","Icon.utx","weapon_maingauche_i00.png"
"225","weapon_mithril_dagger_i00","weapon_mithril_dagger_i00","Icon.utx","weapon_mithril_dagger_i00.png"
"226","weapon_cursed_dagger_i00","weapon_cursed_dagger_i00","Icon.utx","weapon_cursed_dagger_i00.png"
"227","weapon_stiletto_i00","weapon_stiletto_i00","Icon.utx","weapon_stiletto_i00.png"
"229","weapon_kris_i00","weapon_kris_i00","Icon.utx","weapon_kris_i00.png"
"231","weapon_grace_dagger_i00","weapon_grace_dagger_i00","Icon.utx","weapon_grace_dagger_i00.png"
"232","weapon_darkelven_dagger_i00","weapon_darkelven_dagger_i00","Icon.utx","weapon_darkelven_dagger_i00.png"
"233","weapon_dark_screamer_i00","weapon_dark_screamer_i00","Icon.utx","weapon_dark_screamer_i00.png"
"234","weapon_demons_sword_i00","weapon_demons_sword_i00","Icon.utx","weapon_demons_sword_i00.png"
"235","weapon_bloody_orchid_i00","weapon_bloody_orchid_i00","Icon.utx","weapon_bloody_orchid_i00.png"
"236","weapon_soul_separator_i00","weapon_soul_separator_i00","Icon.utx","weapon_soul_separator_i00.png"
"237","weapon_angel_slayer_i00","weapon_angel_slayer_i00","Icon.utx","weapon_angel_slayer_i00.png"
"238","weapon_dagger_of_mana_i00","weapon_dagger_of_mana_i00","Icon.utx","weapon_dagger_of_mana_i00.png"
"239","weapon_mystic_knife_i00","weapon_mystic_knife_i00","Icon.utx","weapon_mystic_knife_i00.png"
"241","weapon_knife_o","weapon_knife_o'_silenus_i00","Icon.utx","weapon_knife_o'_silenus_i00.png"
"242","weapon_dagger_of_magicflame_i00","weapon_dagger_of_magicflame_i00","Icon.utx","weapon_dagger_of_magicflame_i00.png"
"243","weapon_hell_knife_i00","weapon_hell_knife_i00","Icon.utx","weapon_hell_knife_i00.png"
"253","weapon_spike_glove_i00","weapon_spike_glove_i00","Icon.utx","weapon_spike_glove_i00.png"
"254","weapon_iron_glove_i00","weapon_iron_glove_i00","Icon.utx","weapon_iron_glove_i00.png"
"256","weapon_vipers_canine_i00","weapon_vipers_canine_i00","Icon.utx","weapon_vipers_canine_i00.png"
"258","weapon_baghnakh_i00","weapon_baghnakh_i00","Icon.utx","weapon_baghnakh_i00.png"
"259","weapon_single","weapon_single-edged_jamadhr_i00","Icon.utx","weapon_single-edged_jamadhr_i00.png"
"260","weapon_triple","weapon_triple-edged_jamadhr_i00","Icon.utx","weapon_triple-edged_jamadhr_i00.png"
"261","weapon_bichhwa_i00","weapon_bichhwa_i00","Icon.utx","weapon_bichhwa_i00.png"
"262","weapon_scallop_jamadhr_i00","weapon_scallop_jamadhr_i00","Icon.utx","weapon_scallop_jamadhr_i00.png"
"263","weapon_chakram_i00","weapon_chakram_i00","Icon.utx","weapon_chakram_i00.png"
"265","weapon_fist_blade_i00","weapon_fist_blade_i00","Icon.utx","weapon_fist_blade_i00.png"
"266","weapon_great_pata_i00","weapon_great_pata_i00","Icon.utx","weapon_great_pata_i00.png"
"267","weapon_arthro_nail_i00","weapon_arthro_nail_i00","Icon.utx","weapon_arthro_nail_i00.png"
"268","weapon_bellion_cestus_i00","weapon_bellion_cestus_i00","Icon.utx","weapon_bellion_cestus_i00.png"
"269","weapon_blood_tornado_i00","weapon_blood_tornado_i00","Icon.utx","weapon_blood_tornado_i00.png"
"270","weapon_dragon_grinder_i00","weapon_dragon_grinder_i00","Icon.utx","weapon_dragon_grinder_i00.png"
"271","weapon_hunting_bow_i00","weapon_hunting_bow_i00","Icon.utx","weapon_hunting_bow_i00.png"
"272","weapon_short_bow_i00","weapon_short_bow_i00","Icon.utx","weapon_short_bow_i00.png"
"273","weapon_composition_bow_i00","weapon_composition_bow_i00","Icon.utx","weapon_composition_bow_i00.png"
"274","weapon_strengthening_bow_i00","weapon_strengthening_bow_i00","Icon.utx","weapon_strengthening_bow_i00.png"
"275","weapon_long_bow_i00","weapon_long_bow_i00","Icon.utx","weapon_long_bow_i00.png"
"276","weapon_elven_bow_i00","weapon_elven_bow_i00","Icon.utx","weapon_elven_bow_i00.png"
"277","weapon_dark_elven_bow_i00","weapon_dark_elven_bow_i00","Icon.utx","weapon_dark_elven_bow_i00.png"
"278","weapon_gastraphetes_i00","weapon_gastraphetes_i00","Icon.utx","weapon_gastraphetes_i00.png"
"279","weapon_strengthening_long_bow_i00","weapon_strengthening_long_bow_i00","Icon.utx","weapon_strengthening_long_bow_i00.png"
"280","weapon_cyclone_bow_i00","weapon_cyclone_bow_i00","Icon.utx","weapon_cyclone_bow_i00.png"
"281","weapon_crystallized_ice_bow_i00","weapon_crystallized_ice_bow_i00","Icon.utx","weapon_crystallized_ice_bow_i00.png"
"282","weapon_elemental_bow_i00","weapon_elemental_bow_i00","Icon.utx","weapon_elemental_bow_i00.png"
"283","weapon_akat_long_bow_i00","weapon_akat_long_bow_i00","Icon.utx","weapon_akat_long_bow_i00.png"
"284","weapon_dark_elven_long_bow_i00","weapon_dark_elven_long_bow_i00","Icon.utx","weapon_dark_elven_long_bow_i00.png"
"285","weapon_noble_elven_bow_i00","weapon_noble_elven_bow_i00","Icon.utx","weapon_noble_elven_bow_i00.png"
"286","weapon_eminence_bow_i00","weapon_eminence_bow_i00","Icon.utx","weapon_eminence_bow_i00.png"
"287","weapon_hazard_bow_i00","weapon_hazard_bow_i00","Icon.utx","weapon_hazard_bow_i00.png"
"288","weapon_carnium_bow_i00","weapon_carnium_bow_i00","Icon.utx","weapon_carnium_bow_i00.png"
"289","weapon_soul_bow_i00","weapon_soul_bow_i00","Icon.utx","weapon_soul_bow_i00.png"
"290","weapon_shining_bow_i00","weapon_shining_bow_i00","Icon.utx","weapon_shining_bow_i00.png"
"291","weapon_trident_i00","weapon_trident_i00","Icon.utx","weapon_trident_i00.png"
"292","weapon_pike_i00","weapon_pike_i00","Icon.utx","weapon_pike_i00.png"
"293","weapon_war_hammer_i00","weapon_war_hammer_i00","Icon.utx","weapon_war_hammer_i00.png"
"294","weapon_hammer_in_flames_i00","weapon_hammer_in_flames_i00","Icon.utx","weapon_hammer_in_flames_i00.png"
"295","weapon_dwarven_trident_i00","weapon_dwarven_trident_i00","Icon.utx","weapon_dwarven_trident_i00.png"
"296","weapon_dwarven_pike_i00","weapon_dwarven_pike_i00","Icon.utx","weapon_dwarven_pike_i00.png"
"297","weapon_glaive_i00","weapon_glaive_i00","Icon.utx","weapon_glaive_i00.png"
"299","weapon_orcish_poleaxe_i00","weapon_orcish_poleaxe_i00","Icon.utx","weapon_orcish_poleaxe_i00.png"
"300","weapon_great_axe_i00","weapon_great_axe_i00","Icon.utx","weapon_great_axe_i00.png"
"301","weapon_scorpion_i00","weapon_scorpion_i00","Icon.utx","weapon_scorpion_i00.png"
"302","weapon_body_slasher_i00","weapon_body_slasher_i00","Icon.utx","weapon_body_slasher_i00.png"
"303","weapon_widow_maker_i00","weapon_widow_maker_i00","Icon.utx","weapon_widow_maker_i00.png"
"304","weapon_orcish_halbard_i00","weapon_orcish_halbard_i00","Icon.utx","weapon_orcish_halbard_i00.png"
"305","weapon_tallum_glaive_i00","weapon_tallum_glaive_i00","Icon.utx","weapon_tallum_glaive_i00.png"
"306","weapon_dragon_hunter_axe_i00","weapon_dragon_hunter_axe_i00","Icon.utx","weapon_dragon_hunter_axe_i00.png"
"307","weapon_saint_spear_i00","weapon_saint_spear_i00","Icon.utx","weapon_saint_spear_i00.png"
"308","weapon_buffalo_horn_i00","weapon_buffalo_horn_i00","Icon.utx","weapon_buffalo_horn_i00.png"
"309","weapon_tears_of_eva_i00","weapon_tears_of_eva_i00","Icon.utx","weapon_tears_of_eva_i00.png"
"311","weapon_crucifix_of_blessing_i00","weapon_crucifix_of_blessing_i00","Icon.utx","weapon_crucifix_of_blessing_i00.png"
"312","weapon_branch_of_life_i00","weapon_branch_of_life_i00","Icon.utx","weapon_branch_of_life_i00.png"
"313","weapon_temptation_of_abyss_i00","weapon_temptation_of_abyss_i00","Icon.utx","weapon_temptation_of_abyss_i00.png"
"314","weapon_proof_of_revenge_i00","weapon_proof_of_revenge_i00","Icon.utx","weapon_proof_of_revenge_i00.png"
"315","weapon_divine_tome_i00","weapon_divine_tome_i00","Icon.utx","weapon_divine_tome_i00.png"
"316","weapon_blood_of_saints_i00","weapon_blood_of_saints_i00","Icon.utx","weapon_blood_of_saints_i00.png"
"317","weapon_tome_of_blood_i00","weapon_tome_of_blood_i00","Icon.utx","weapon_tome_of_blood_i00.png"
"318","weapon_crucifix_of_blood_i00","weapon_crucifix_of_blood_i00","Icon.utx","weapon_crucifix_of_blood_i00.png"
"321","weapon_demon_fangs_i00","weapon_demon_fangs_i00","Icon.utx","weapon_demon_fangs_i00.png"
"325","weapon_horn_of_glory_i00","weapon_horn_of_glory_i00","Icon.utx","weapon_horn_of_glory_i00.png"
"326","weapon_heathens_book_i00","weapon_heathens_book_i00","Icon.utx","weapon_heathens_book_i00.png"
"946","weapon_dagger_i00","weapon_dagger_i00","Icon.utx","weapon_dagger_i00.png"
"981","weapon_brandish_i00","weapon_brandish_i00","Icon.utx","weapon_brandish_i00.png"
"1299","weapon_2hs03","weapon_2hs03","Icon.utx","weapon_2hs03.png"
"2368","weapon_training_gloves_i00","weapon_training_gloves_i00","Icon.utx","weapon_training_gloves_i00.png"
"2369","weapon_squires_sword_i00","weapon_squires_sword_i00","Icon.utx","weapon_squires_sword_i00.png"
"2499","weapon_elven_long_sword_i00","weapon_elven_long_sword_i00","Icon.utx","weapon_elven_long_sword_i00.png"
"2500","weapon_dark_legions_edge_i00","weapon_dark_legions_edge_i00","Icon.utx","weapon_dark_legions_edge_i00.png"
"2502","weapon_dwarven_warhammer_i00","weapon_dwarven_warhammer_i00","Icon.utx","weapon_dwarven_warhammer_i00.png"
"2503","weapon_yaksa_mace_i00","weapon_yaksa_mace_i00","Icon.utx","weapon_yaksa_mace_i00.png"
"2504","weapon_meteor_shower_i00","weapon_meteor_shower_i00","Icon.utx","weapon_meteor_shower_i00.png"
"2525","weapon_dual_sword_i00","weapon_dual_sword_i00","Icon.utx","weapon_dual_sword_i00.png"
"2526","weapon_dual_sword_i00","weapon_dual_sword_i00","Icon.utx","weapon_dual_sword_i00.png"
"2527","weapon_dual_sword_i00","weapon_dual_sword_i00","Icon.utx","weapon_dual_sword_i00.png"
"2528","weapon_dual_sword_i00","weapon_dual_sword_i00","Icon.utx","weapon_dual_sword_i00.png"
"2530","weapon_dual_sword_i00","weapon_dual_sword_i00","Icon.utx","weapon_dual_sword_i00.png"
"2531","weapon_dual_sword_i00","weapon_dual_sword_i00","Icon.utx","weapon_dual_sword_i00.png"
"2532","weapon_dual_sword_i00","weapon_dual_sword_i00","Icon.utx","weapon_dual_sword_i00.png"
"2533","weapon_dual_sword_i00","weapon_dual_sword_i00","Icon.utx","weapon_dual_sword_i00.png"
"2534","weapon_dual_sword_i00","weapon_dual_sword_i00","Icon.utx","weapon_dual_sword_i00.png"
"2535","weapon_dual_sword_i00","weapon_dual_sword_i00","Icon.utx","weapon_dual_sword_i00.png"
"2537","weapon_dual_sword_i00","weapon_dual_sword_i00","Icon.utx","weapon_dual_sword_i00.png"
"2538","weapon_dual_sword_i00","weapon_dual_sword_i00","Icon.utx","weapon_dual_sword_i00.png"
"2539","weapon_dual_sword_i00","weapon_dual_sword_i00","Icon.utx","weapon_dual_sword_i00.png"
"2540","weapon_dual_sword_i00","weapon_dual_sword_i00","Icon.utx","weapon_dual_sword_i00.png"
"2541","weapon_dual_sword_i00","weapon_dual_sword_i00","Icon.utx","weapon_dual_sword_i00.png"
"2543","weapon_dual_sword_i00","weapon_dual_sword_i00","Icon.utx","weapon_dual_sword_i00.png"
"2544","weapon_dual_sword_i00","weapon_dual_sword_i00","Icon.utx","weapon_dual_sword_i00.png"
"2545","weapon_dual_sword_i00","weapon_dual_sword_i00","Icon.utx","weapon_dual_sword_i00.png"
"2546","weapon_dual_sword_i00","weapon_dual_sword_i00","Icon.utx","weapon_dual_sword_i00.png"
"2548","weapon_dual_sword_i00","weapon_dual_sword_i00","Icon.utx","weapon_dual_sword_i00.png"
"2549","weapon_dual_sword_i00","weapon_dual_sword_i00","Icon.utx","weapon_dual_sword_i00.png"
"2550","weapon_dual_sword_i00","weapon_dual_sword_i00","Icon.utx","weapon_dual_sword_i00.png"
"2555","weapon_dual_sword_i006","weapon_dual_sword_i00","Icon.utx","weapon_dual_sword_i00.png"
"2556","weapon_dual_sword_i006","weapon_dual_sword_i00","Icon.utx","weapon_dual_sword_i00.png"
"2557","weapon_dual_sword_i006","weapon_dual_sword_i00","Icon.utx","weapon_dual_sword_i00.png"
"2558","weapon_dual_sword_i00F","weapon_dual_sword_i00","Icon.utx","weapon_dual_sword_i00.png"
"2559","weapon_dual_sword_i00F","weapon_dual_sword_i00","Icon.utx","weapon_dual_sword_i00.png"
"2560","weapon_dual_sword_i00","weapon_dual_sword_i00","Icon.utx","weapon_dual_sword_i00.png"
"2561","weapon_dual_sword_i008","weapon_dual_sword_i00","Icon.utx","weapon_dual_sword_i00.png"
"2564","weapon_dual_sword_i008","weapon_dual_sword_i00","Icon.utx","weapon_dual_sword_i00.png"
"2565","weapon_dual_sword_i008","weapon_dual_sword_i00","Icon.utx","weapon_dual_sword_i00.png"
"2566","weapon_dual_sword_i008","weapon_dual_sword_i00","Icon.utx","weapon_dual_sword_i00.png"
"2567","weapon_dual_sword_i008","weapon_dual_sword_i00","Icon.utx","weapon_dual_sword_i00.png"
"2569","weapon_dual_sword_i008","weapon_dual_sword_i00","Icon.utx","weapon_dual_sword_i00.png"
"2570","weapon_dual_sword_i008","weapon_dual_sword_i00","Icon.utx","weapon_dual_sword_i00.png"
"2571","weapon_dual_sword_i008","weapon_dual_sword_i00","Icon.utx","weapon_dual_sword_i00.png"
"2591","weapon_dual_sword_i00","weapon_dual_sword_i00","Icon.utx","weapon_dual_sword_i00.png"
"2592","weapon_dual_sword_i00","weapon_dual_sword_i00","Icon.utx","weapon_dual_sword_i00.png"
"2593","weapon_dual_sword_i00","weapon_dual_sword_i00","Icon.utx","weapon_dual_sword_i00.png"
"2594","weapon_dual_sword_i00","weapon_dual_sword_i00","Icon.utx","weapon_dual_sword_i00.png"
"2596","weapon_dual_sword_i00","weapon_dual_sword_i00","Icon.utx","weapon_dual_sword_i00.png"
"2597","weapon_dual_sword_i00","weapon_dual_sword_i00","Icon.utx","weapon_dual_sword_i00.png"
"2598","weapon_dual_sword_i00","weapon_dual_sword_i00","Icon.utx","weapon_dual_sword_i00.png"
"2599","weapon_dual_sword_i004","weapon_dual_sword_i00","Icon.utx","weapon_dual_sword_i00.png"
"2600","weapon_dual_sword_i004","weapon_dual_sword_i00","Icon.utx","weapon_dual_sword_i00.png"
"2601","weapon_dual_sword_i004","weapon_dual_sword_i00","Icon.utx","weapon_dual_sword_i00.png"
"2603","weapon_dual_sword_i004","weapon_dual_sword_i00","Icon.utx","weapon_dual_sword_i00.png"
"2604","weapon_dual_sword_i004","weapon_dual_sword_i00","Icon.utx","weapon_dual_sword_i00.png"
"2605","weapon_dual_sword_i004","weapon_dual_sword_i00","Icon.utx","weapon_dual_sword_i00.png"
"2606","weapon_dual_sword_i000","weapon_dual_sword_i00","Icon.utx","weapon_dual_sword_i00.png"
"2607","weapon_dual_sword_i000","weapon_dual_sword_i00","Icon.utx","weapon_dual_sword_i00.png"
"2609","weapon_dual_sword_i000","weapon_dual_sword_i00","Icon.utx","weapon_dual_sword_i00.png"
"2610","weapon_dual_sword_i000","weapon_dual_sword_i00","Icon.utx","weapon_dual_sword_i00.png"
"2611","weapon_dual_sword_i000","weapon_dual_sword_i00","Icon.utx","weapon_dual_sword_i00.png"
"2612","weapon_dual_sword_i00","weapon_dual_sword_i00","Icon.utx","weapon_dual_sword_i00.png"
"2614","weapon_dual_sword_i00","weapon_dual_sword_i00","Icon.utx","weapon_dual_sword_i00.png"
"2615","weapon_dual_sword_i00","weapon_dual_sword_i00","Icon.utx","weapon_dual_sword_i00.png"
"2616","weapon_dual_sword_i00","weapon_dual_sword_i00","Icon.utx","weapon_dual_sword_i00.png"
"2621","weapon_dual_sword_i00D","weapon_dual_sword_i00","Icon.utx","weapon_dual_sword_i00.png"
"2622","weapon_dual_sword_i00D","weapon_dual_sword_i00","Icon.utx","weapon_dual_sword_i00.png"
"2623","weapon_dual_sword_i00D","weapon_dual_sword_i00","Icon.utx","weapon_dual_sword_i00.png"
"2624","weapon_dual_sword_i00","weapon_dual_sword_i00","Icon.utx","weapon_dual_sword_i00.png"
"2625","weapon_dual_sword_i00","weapon_dual_sword_i00","Icon.utx","weapon_dual_sword_i00.png"
"2626","weapon_dual_sword_i00B","weapon_dual_sword_i00","Icon.utx","weapon_dual_sword_i00.png"
"4233","weapon_knuckle_dust_i00","weapon_knuckle_dust_i00","Icon.utx","weapon_knuckle_dust_i00.png"
"5133","weapon_chrono_tambourine_i00","weapon_chrono_tambourine_i00","Icon.utx","weapon_chrono_tambourine_i00.png"
"5233","weapon_dual_sword_i002","weapon_dual_sword_i00","Icon.utx","weapon_dual_sword_i00.png"
"5284","weapon_zweihander_i00","weapon_zweihander_i00","Icon.utx","weapon_zweihander_i00.png"
"5285","weapon_heavy_sword_i00","weapon_heavy_sword_i00","Icon.utx","weapon_heavy_sword_i00.png"
"5286","weapon_berserker_blade_i00","weapon_berserker_blade_i00","Icon.utx","weapon_berserker_blade_i00.png"
"5705","weapon_dual_sword_i002","weapon_dual_sword_i00","Icon.utx","weapon_dual_sword_i00.png"
"5706","weapon_dual_sword_i00B","weapon_dual_sword_i00","Icon.utx","weapon_dual_sword_i00.png"
"6371","weapon_demon_splinter_i00","weapon_demon_splinter_i00","Icon.utx","weapon_demon_splinter_i00.png"
"6372","weapon_heavens_divider_i00","weapon_heavens_divider_i00","Icon.utx","weapon_heavens_divider_i00.png"
"6579","weapon_arcana_mace_i00","weapon_arcana_mace_i00","Icon.utx","weapon_arcana_mace_i00.png"
"6580","weapon_dual_sword_i008","weapon_dual_sword_i00","Icon.utx","weapon_dual_sword_i00.png"
"7058","weapon_chrono_darbuka_i00","weapon_chrono_darbuka_i00","Icon.utx","weapon_chrono_darbuka_i00.png"
"7575","weapon_draconic_bow_i00","weapon_draconic_bow_i00","Icon.utx","weapon_draconic_bow_i00.png"
"7880","weapon_iron_sword_i00","weapon_iron_sword_i00","Icon.utx","weapon_iron_sword_i00.png"
"7881","weapon_giants_sword_i00","weapon_giants_sword_i00","Icon.utx","weapon_giants_sword_i00.png"
"7882","weapon_sword_of_paagrio_i00","weapon_sword_of_paagrio_i00","Icon.utx","weapon_sword_of_paagrio_i00.png"
"7883","weapon_guardians_sword_i00","weapon_guardians_sword_i00","Icon.utx","weapon_guardians_sword_i00.png"
"7884","weapon_inferno_master_i00","weapon_inferno_master_i00","Icon.utx","weapon_inferno_master_i00.png"
"7885","weapon_sword_of_priest_i00","weapon_sword_of_priest_i00","Icon.utx","weapon_sword_of_priest_i00.png"
"7886","weapon_sword_of_magic_fog_i00","weapon_sword_of_magic_fog_i00","Icon.utx","weapon_sword_of_magic_fog_i00.png"
"7888","weapon_sword_of_eclipse_i00","weapon_sword_of_eclipse_i00","Icon.utx","weapon_sword_of_eclipse_i00.png"
"7889","weapon_tears_of_wizard_i00","weapon_tears_of_wizard_i00","Icon.utx","weapon_tears_of_wizard_i00.png"
"7891","weapon_eclipse_axe_i00","weapon_eclipse_axe_i00","Icon.utx","weapon_eclipse_axe_i00.png"
"7892","weapon_spell_breaker_i00","weapon_spell_breaker_i00","Icon.utx","weapon_spell_breaker_i00.png"
"7894","weapon_eye_of_soul_i00","weapon_eye_of_soul_i00","Icon.utx","weapon_eye_of_soul_i00.png"
"7895","weapon_dragon_flame_head_i00","weapon_dragon_flame_head_i00","Icon.utx","weapon_dragon_flame_head_i00.png"
"7896","weapon_giants_hammer_i00","weapon_giants_hammer_i00","Icon.utx","weapon_giants_hammer_i00.png"
"7898","weapon_horn_of_karik_i00","weapon_horn_of_karik_i00","Icon.utx","weapon_horn_of_karik_i00.png"
"7899","weapon_hammer_of_destroyer_i00","weapon_hammer_of_destroyer_i00","Icon.utx","weapon_hammer_of_destroyer_i00.png"
"7900","weapon_ice_storm_hammer_i00","weapon_ice_storm_hammer_i00","Icon.utx","weapon_ice_storm_hammer_i00.png"
"7901","weapon_star_buster_i00","weapon_star_buster_i00","Icon.utx","weapon_star_buster_i00.png"
"7902","weapon_doom_crusher_i00","weapon_doom_crusher_i00","Icon.utx","weapon_doom_crusher_i00.png"
"8678","weapon_sirr_blade_i00","weapon_sirr_blade_i00","Icon.utx","weapon_sirr_blade_i00.png"
"8679","weapon_sword_of_ipos_i00","weapon_sword_of_ipos_i00","Icon.utx","weapon_sword_of_ipos_i00.png"
"8680","weapon_barakiel_axe_i00","weapon_barakiel_axe_i00","Icon.utx","weapon_barakiel_axe_i00.png"
"8681","weapon_tuning_fork_of_behemoth_i00","weapon_tuning_fork_of_behemoth_i00","Icon.utx","weapon_tuning_fork_of_behemoth_i00.png"
"8682","weapon_naga_storm_i00","weapon_naga_storm_i00","Icon.utx","weapon_naga_storm_i00.png"
"8683","weapon_tiphon_spear_i00","weapon_tiphon_spear_i00","Icon.utx","weapon_tiphon_spear_i00.png"
"8684","weapon_shyid_bow_i00","weapon_shyid_bow_i00","Icon.utx","weapon_shyid_bow_i00.png"
"8685","weapon_sobekk_hurricane_i00","weapon_sobekk_hurricane_i00","Icon.utx","weapon_sobekk_hurricane_i00.png"
"8686","weapon_tongue_of_themis_i00","weapon_tongue_of_themis_i00","Icon.utx","weapon_tongue_of_themis_i00.png"
"8687","weapon_hand_of_cabrio_i00","weapon_hand_of_cabrio_i00","Icon.utx","weapon_hand_of_cabrio_i00.png"
"8688","weapon_crystal_of_deamon_i00","weapon_crystal_of_deamon_i00","Icon.utx","weapon_crystal_of_deamon_i00.png"
"8938","weapon_dual_sword_i008","weapon_dual_sword_i00","Icon.utx","weapon_dual_sword_i00.png"
"9140","weapon_krono_bow_i00","weapon_krono_bow_i00","Icon.utx","weapon_krono_bow_i00.png"
