"id","name","grade","base"
"4681","Stormbringer - Critical Anger","C","72"
"4682","Stormbringer - Focus","C","72"
"4683","Stormbringer - Light","C","72"
"4684","Shamshir - Guidance","C","73"
"4685","Shamshir - Back Blow","C","73"
"4686","Shamshir - Rsk. Evasion","C","73"
"4687","Katana - Focus","C","74"
"4688","Katana - Critical Damage","C","74"
"4689","Katana - Haste","C","74"
"4690","Spirit Sword - Critical Damage","C","131"
"4691","Spirit Sword - Critical Poison","C","131"
"4692","Spirit Sword - Haste","C","131"
"4693","Raid Sword - Focus","C","133"
"4694","Raid Sword - Critical Drain","C","133"
"4695","Raid Sword - Critical Poison","C","133"
"4696","Caliburs - Guidance","C","75"
"4697","Caliburs - Focus","C","75"
"4698","Caliburs - Critical Damage","C","75"
"4699","Sword of Delusion - Focus","C","76"
"4701","Sword of Delusion - Rsk. Haste","C","76"
"4702","Tsurugi - Focus","C","77"
"4703","Tsurugi - Critical Damage","C","77"
"4704","Tsurugi - Haste","C","77"
"4705","Sword of Nightmare - Health","C","134"
"4706","Sword of Nightmare - Focus","C","134"
"4707","Sword of Nightmare - Light","C","134"
"4708","Samurai Longsword - Focus","C","135"
"4709","Samurai Longsword - Critical Damage","C","135"
"4710","Samurai Longsword - Haste","C","135"
"4711","Flamberge - Critical Damage","C","71"
"4712","Flamberge - Focus","C","71"
"4713","Flamberge - Light","C","71"
"4714","Keshanberk - Guidance","B","142"
"4715","Keshanberk - Focus","B","142"
"4716","Keshanberk - Back Blow","B","142"
"4717","Sword of Damascus - Focus","B","79"
"4718","Sword of Damascus - Critical Damage","B","79"
"4719","Sword of Damascus - Haste","B","79"
"4720","Tallum Blade - Health","A","80"
"4721","Tallum Blade - Rsk. Evasion","A","80"
"4722","Tallum Blade - Rsk. Haste","A","80"
"4723","Great Sword - Health","B","78"
"4724","Great Sword - Critical Damage","B","78"
"4725","Great Sword - Focus","B","78"
"4726","Big Hammer - Health","C","89"
"4727","Big Hammer - Rsk.Focus","C","89"
"4728","Big Hammer - Haste","C","89"
"4729","Battle Axe - Anger","C","160"
"4730","Battle Axe - Rsk.Focus","C","160"
"4731","Battle Axe - Haste","C","160"
"4732","Silver Axe - Anger","C","161"
"4733","Silver Axe - Rsk.Focus","C","161"
"4734","Silver Axe - Haste","C","161"
"4735","Skull Graver - Anger","C","173"
"4736","Skull Graver - Health","C","173"
"4737","Skull Graver - Rsk.Focus","C","173"
"4738","Dwarven War Hammer - Anger","C","2502"
"4739","Dwarven War Hammer - Health","C","2502"
"4740","Dwarven War Hammer - Haste","C","2502"
"4741","War Axe - Anger","C","162"
"4742","War Axe - Health","C","162"
"4743","War Axe - Haste","C","162"
"4744","Yaksa Mace - Anger","C","2503"
"4745","Yaksa Mace - Health","C","2503"
"4746","Yaksa Mace - Rsk. Focus","C","2503"
"4747","Heavy War Axe - Anger","B","91"
"4748","Heavy War Axe - Health","B","91"
"4749","Heavy War Axe - Rsk. Focus","B","91"
"4750","Deadman's Glory - Anger","B","171"
"4751","Deadman's Glory - Health","B","171"
"4752","Deadman's Glory - Haste","B","171"
"4753","Art of Battle Axe - Health","B","175"
"4754","Art of Battle Axe - Rsk. Focus","B","175"
"4755","Art of Battle Axe - Haste","B","175"
"4756","Meteor Shower - Health","A","2504"
"4757","Meteor Shower - Focus","A","2504"
"4758","Meteor Shower - P.Focus","A","2504"
"4759","Cursed Dagger - Critical Bleed","C","226"
"4760","Cursed Dagger - Critical Poison","C","226"
"4761","Cursed Dagger - Rsk. Haste","C","226"
"4762","Dark Elven Dagger - Focus","C","232"
"4763","Dark Elven Dagger - Back Blow","C","232"
"4764","Dark Elven Dagger - Mortal Strike","C","232"
"4765","Stiletto - Critical Bleed","C","227"
"4766","Stiletto - Critical Poison","C","227"
"4767","Stiletto - Mortal Strike","C","227"
"4768","Grace Dagger - Evasion","C","231"
"4769","Grace Dagger - Focus","C","231"
"4770","Grace Dagger - Back Blow","C","231"
"4771","Dark Screamer - Evasion","C","233"
"4772","Dark Screamer - Focus","C","233"
"4773","Dark Screamer - Critical Bleed","C","233"
"4774","Crystal Dagger - Critical Bleed","C","228"
"4775","Crystal Dagger - Critical Poison","C","228"
"4776","Crystal Dagger - Mortal Strike","C","228"
"4777","Kris - Evasion","B","229"
"4778","Kris - Focus","B","229"
"4779","Kris - Back Blow","B","229"
"4780","Demon Dagger - Critical Bleed","B","234"
"4781","Demon Dagger - Critical Poison","B","234"
"4782","Demon Dagger - Mortal Strike","B","234"
"4783","Bloody Orchid - Evasion","A","235"
"4784","Bloody Orchid - Focus","A","235"
"4785","Bloody Orchid - Back Blow","A","235"
"4786","Hell Knife - Focus","B","243"
"4787","Hell Knife - Back Blow","B","243"
"4788","Hell Knife - Mortal Strike","B","243"
"4789","Chakram - Critical Drain","C","263"
"4790","Chakram - Critical Poison","C","263"
"4791","Chakram - Rsk. Haste","C","263"
"4792","Fisted Blade - Rsk. Evasion","C","265"
"4793","Fisted Blade - Rsk. Haste","C","265"
"4794","Fisted Blade - Haste","C","265"
"4795","Great Pata - Critical Drain","C","266"
"4796","Great Pata - Critical Poison","C","266"
"4797","Great Pata - Rsk. Haste","C","266"
"4798","Knuckle Duster - Rsk. Evasion","C","4233"
"4799","Knuckle Duster - Rsk. Haste","C","4233"
"4800","Knuckle Duster - Haste","C","4233"
"4801","Arthro Nail - Critical Poison","B","267"
"4802","Arthro Nail - Rsk. Evasion","B","267"
"4803","Arthro Nail - Rsk. Haste","B","267"
"4804","Bellion Cestus - Critical Drain","B","268"
"4805","Bellion Cestus - Critical Poison","B","268"
"4806","Bellion Cestus - Rsk. Haste","B","268"
"4807","Blood Tornado - Critical Drain","A","269"
"4808","Blood Tornado - Rsk. Evasion","A","269"
"4809","Blood Tornado - Haste","A","269"
"4810","Crystallized Ice Bow - Guidance","C","281"
"4811","Crystallized Ice Bow - Evasion","C","281"
"4812","Crystallized Ice Bow - Quick Recovery","C","281"
"4813","Elemental Bow - Guidance","C","282"
"4814","Elemental Bow - Miser","C","282"
"4815","Elemental Bow - Quick Recovery","C","282"
"4816","Elven Bow of Nobility - Evasion","C","285"
"4817","Elven Bow of Nobility - Miser","C","285"
"4818","Elven Bow of Nobility - Cheap Shot","C","285"
"4819","Akat Long Bow - Guidance","C","283"
"4820","Akat Long Bow - Evasion","C","283"
"4821","Akat Long Bow - Miser","C","283"
"4822","Eminence Bow - Guidance","C","286"
"4823","Eminence Bow - Miser","C","286"
"4824","Eminence Bow - Cheap Shot","C","286"
"4825","Dark Elven Long Bow - Evasion","B","284"
"4826","Dark Elven Long Bow - Critical Bleed","B","284"
"4827","Dark Elven Long Bow - Miser","B","284"
"4828","Bow of Peril - Guidance","B","287"
"4829","Bow of Peril - Quick Recovery","B","287"
"4830","Bow of Peril - Cheap Shot","B","287"
"4831","Carnage Bow - Critical Bleed","A","288"
"4832","Carnage Bow - Mana Up","A","288"
"4833","Carnage Bow - Quick Recovery","A","288"
"4834","Scythe - Anger","C","96"
"4835","Scythe - Critical Stun","C","96"
"4836","Scythe - Light","C","96"
"4837","Orcish Glaive - Anger","C","298"
"4838","Orcish Glaive - Critical Stun","C","298"
"4839","Orcish Glaive - Towering Blow","C","298"
"4840","Body Slasher - Critical Stun","C","302"
"4841","Body Slasher - Towering Blow","C","302"
"4842","Body Slasher - Wide Blow","C","302"
"4843","Bec de Corbin - Critical Stun","C","94"
"4844","Bec de Corbin - Towering Blow","C","94"
"4845","Bec de Corbin - Light","C","94"
"4846","Scorpion - Anger","C","301"
"4847","Scorpion - Critical Stun","C","301"
"4848","Scorpion - Towering Blow","C","301"
"4849","Widow Maker - Critical Stun","C","303"
"4850","Widow Maker - Towering Blow","C","303"
"4851","Widow Maker - Wide Blow","C","303"
"4852","Orcish Poleaxe - Critical Stun","C","299"
"4853","Orcish Poleaxe - Towering Blow","C","299"
"4854","Orcish Poleaxe - Wide Blow","C","299"
"4855","Great Axe - Anger","B","300"
"4856","Great Axe - Critical Stun","B","300"
"4857","Great Axe - Light","B","300"
"4858","Lance - Anger","B","97"
"4859","Lance - Critical Stun","B","97"
"4860","Lance - Towering Blow","B","97"
"4861","Halberd - Critical Stun","A","98"
"4862","Halberd - Towering Blow","A","98"
"4863","Halberd - Wide Blow","A","98"
"4864","Heavy Doom Hammer - Magic Regeneration","C","191"
"4865","Heavy Doom Hammer - Mental Shield","C","191"
"4866","Heavy Doom Hammer - Magic Hold","C","191"
"4867","Crystal Staff - Rsk. Evasion","C","192"
"4868","Crystal Staff - Mana Up","C","192"
"4869","Crystal Staff - Bodily Blessing","C","192"
"4870","Heavy Doom Axe - Magic Poison","C","194"
"4871","Heavy Doom Axe - Magic Weakness","C","194"
"4872","Heavy Doom Axe - Magic Chaos","C","194"
"4873","Cursed Staff - Magic Hold","C","195"
"4874","Cursed Staff - Magic Poison","C","195"
"4875","Cursed Staff - Magic Weakness","C","195"
"4876","Paradia Staff - Magic Regeneration","C","197"
"4877","Paradia Staff - Mental Shield","C","197"
"4878","Paradia Staff - Magic Hold","C","197"
"4879","Pa'agrian Hammer - Rsk. Evasion","C","199"
"4880","Pa'agrian Hammer - Magic Poison","C","199"
"4881","Pa'agrian Hammer - Magic Weakness","C","199"
"4882","Sage's Staff - Magic Hold","C","200"
"4883","Sage's Staff - Magic Poison","C","200"
"4884","Sage's Staff - Magic Weakness","C","200"
"4885","Pa'agrian Axe - Mana Up","C","203"
"4886","Pa'agrian Axe - Magic Weakness","C","203"
"4887","Pa'agrian Axe - Magic Chaos","C","203"
"4888","Deadman's Staff - Magic Regeneration","C","204"
"4889","Deadman's Staff - Mental Shield","C","204"
"4890","Deadman's Staff - Magic Hold","C","204"
"4891","Ghoul's Staff - Rsk. Evasion","C","205"
"4892","Ghoul's Staff - Mana Up","C","205"
"4893","Ghoul's Staff - Bodily Blessing","C","205"
"4894","Demon's Staff - Magic Poison","C","206"
"4895","Demon's Staff - Magic Weakness","C","206"
"4896","Demon's Staff - Magic Chaos","C","206"
"4897","Sprite's Staff - Magic Regeneration","B","92"
"4898","Sprite's Staff - Mental Shield","B","92"
"4899","Sprite's Staff - Magic Hold","B","92"
"4901","Staff of Evil Spirits - Bodily Blessing","B","210"
"4902","Staff of Evil Spirits - Magic Poison","B","210"
"5596","Dasparion's Staff - Mana Up","A","212"
"5597","Dasparion's Staff - Conversion","A","212"
"5598","Dasparion's Staff - Acumen","A","212"
"5599","Meteor Shower - Focus","A","2504"
"5600","Meteor Shower - Critical Bleed","A","2504"
"5601","Meteor Shower - Rsk. Haste","A","2504"
"5602","Elysian - Health","A","164"
"5603","Elysian - Anger","A","164"
"5604","Elysian - Critical Drain","A","164"
"5605","Branch of The Mother Tree - Conversion","A","213"
"5606","Branch of The Mother Tree - Magic Damage","A","213"
"5607","Branch of The Mother Tree - Acumen","A","213"
"5608","Carnage Bow - Light","A","288"
"5609","Carnage Bow - Critical Bleed","A","288"
"5610","Carnage Bow - Mana Up","A","288"
"5611","Soul Bow - Cheap Shot","A","289"
"5612","Soul Bow - Quick Recovery","A","289"
"5613","Soul Bow - Critical Poison","A","289"
"5614","Bloody Orchid - Focus","A","235"
"5615","Bloody Orchid - Back Blow","A","235"
"5616","Bloody Orchid - Critical Bleed","A","235"
"5617","Soul Separator - Guidance","A","236"
"5618","Soul Separator - Critical Damage","A","236"
"5619","Soul Separator - Rsk. Haste","A","236"
"5620","Blood Tornado - Haste","A","269"
"5621","Blood Tornado - Focus","A","269"
"5622","Blood Tornado - Anger","A","269"
"5623","Dragon Grinder - Rsk. Evasion","A","270"
"5624","Dragon Grinder - Guidance","A","270"
"5625","Dragon Grinder - Health","A","270"
"5626","Halberd - Haste","A","98"
"5627","Halberd - Critical Stun","A","98"
"5628","Halberd - Wide Blow","A","98"
"5632","Tallum Glaive - Guidance","A","305"
"5633","Tallum Glaive - Health","A","305"
"5634","Tallum Glaive - Wide Blow","A","305"
"5635","Tallum Blade - Critical Poison","A","80"
"5636","Tallum Blade - Haste","A","80"
"5637","Tallum Blade - Anger","A","80"
"5638","Elemental Sword - Magic Power","A","150"
"5639","Elemental Sword - Magic Paralyze","A","150"
"5640","Elemental Sword - Empower","A","150"
"5641","Sword of Miracles - Magic Power","A","151"
"5642","Sword of Miracles - Magic Silence","A","151"
"5643","Sword of Miracles - Acumen","A","151"
"5644","Dragon Slayer - Health","A","81"
"5645","Dragon Slayer - Critical Bleed","A","81"
"5646","Dragon Slayer - Critical Drain","A","81"
"5647","Dark Legion's Edge - Critical Damage","A","2500"
"5648","Dark Legion's Edge - Health","A","2500"
"5649","Dark Legion's Edge - Rsk. Focus","A","2500"
"6307","Sword of Limit - Guidance","C","132"
"6308","Sword of Limit - Critical Drain","C","132"
"6309","Sword of Limit - Health","C","132"
"6310","Sword of Whispering Death - Empower","C","145"
"6311","Sword of Whispering Death - Magic Power","C","145"
"6312","Sword of Whispering Death - Magic Silence","C","145"
"6313","Homunkulus's Sword - Acumen","C","84"
"6314","Homunkulus's Sword - Conversion","C","84"
"6315","Homunkulus's Sword - Magic Paralyze","C","84"
"6347","Berserker Blade - Focus","C","5286"
"6348","Berserker Blade - Critical Damage","C","5286"
"6349","Berserker Blade - Haste","C","5286"
"6356","Dark Elven Dagger - Rsk. Haste","C","232"
"6357","Stiletto - Rsk. Haste","C","227"
"6358","Crystal Dagger - Critical Damage","C","228"
"6359","Demon Dagger - Critical Damage","B","234"
"6581","Forgotten Blade - Haste","S","6364"
"6582","Forgotten Blade - Health","S","6364"
"6583","Forgotten Blade - Focus","S","6364"
"6584","Basalt Battlehammer - HP Drain","S","6365"
"6585","Basalt Battlehammer - Health","S","6365"
"6586","Basalt Battlehammer - HP Regeneration","S","6365"
"6587","Imperial Staff - Empower","S","6366"
"6588","Imperial Staff - MP Regeneration","S","6366"
"6589","Imperial Staff - Magic Hold","S","6366"
"6590","Angel Slayer - Crt. Damage","S","6367"
"6591","Angel Slayer - HP Drain","S","6367"
"6592","Angel Slayer - Haste","S","6367"
"6593","Shining Bow - Cheap Shot","S","6368"
"6594","Shining Bow - Focus","S","6368"
"6595","Shining Bow - Crt. Slow","S","6368"
"6596","Dragon Hunter Axe - HP Regeneration","S","6369"
"6597","Dragon Hunter Axe - Health","S","6369"
"6598","Dragon Hunter Axe - HP Drain","S","6369"
"6599","Saint Spear - Health","S","6370"
"6600","Saint Spear - Guidance","S","6370"
"6601","Saint Spear - Haste","S","6370"
"6602","Demon Splinter - Focus","S","6371"
"6603","Demon Splinter - Health","S","6371"
"6604","Demon Splinter - Crt. Stun","S","6371"
"6605","Heavens Divider - Haste","S","6372"
"6606","Heavens Divider - Health","S","6372"
"6607","Heavens Divider - Focus","S","6372"
"6608","Arcana Mace - Acumen","S","6579"
"6609","Arcana Mace - MP Regeneration","S","6579"
"6610","Arcana Mace - Mana Up","S","6579"
"7576","Draconic Bow - Cheap Shot","S","7575"
"7577","Draconic Bow - Focus","S","7575"
"7578","Draconic Bow - Critical Slow","S","7575"
"7701","Stick of Faith - Mana Up","C","193"
"7702","Stick of Faith - Magic Hold","C","193"
"7703","Stick of Faith - Magic Shield","C","193"
"7704","Stick of Eternity - Empower","C","196"
"7705","Stick of Eternity - Rsk., Evasion","C","196"
"7706","Stick of Eternity - Blessed Body","C","196"
"7707","Nirvana Axe - Magic Power","C","174"
"7708","Nirvana Axe - Magic Poison","C","174"
"7709","Nirvana Axe - Magic Weakness","C","174"
"7710","Club of Nature - Acumen","C","201"
"7711","Club of Nature - Magic Mental Shield","C","201"
"7712","Club of Nature - Magic Hold","C","201"
"7713","Mace of The Underworld - Mana Up","C","202"
"7714","Mace of The Underworld - Magic Silence","C","202"
"7715","Mace of The Underworld - Conversion","C","202"
"7716","Inferno Staff - Acumen","C","198"
"7717","Inferno Staff - Magic Silence","C","198"
"7718","Inferno Staff - Magic Paralyze","C","198"
"7719","Poleaxe - Critical Stun","C","95"
"7720","Poleaxe - Towering Blow","C","95"
"7721","Poleaxe - Wide Blow","C","95"
"7722","Sword of Valhalla - Acumen","B","148"
"7723","Sword of Valhalla - Magic Weakness","B","148"
"7724","Sword of Valhalla - Magic Regeneration","B","148"
"7810","Soulfire Dirk - Mana Up","C","242"
"7811","Soulfire Dirk - Magic Hold","C","242"
"7812","Soulfire Dirk - Magic Silence","C","242"
"7813","Hell Knife - Magic Regeneration","B","243"
"7814","Hell Knife - Mental Shield","B","243"
"7815","Hell Knife - Magic Weakness","B","243"
"8102","Pa'agrian Sword - Focus","C","7882"
"8103","Pa'agrian Sword - Health","C","7882"
"8104","Pa'agrian Sword - Critical Drain","C","7882"
"8105","Guardian Sword - Critical Drain","B","7883"
"8106","Guardian Sword - Health","B","7883"
"8107","Guardian Sword - Critical Bleed","B","7883"
"8108","Infernal Master - Haste","A","7884"
"8109","Infernal Master - Critical Damage","A","7884"
"8110","Infernal Master - Focus","A","7884"
"8111","Mysterious Sword - Acumen","C","7887"
"8112","Mysterious Sword - Magic Power","C","7887"
"8113","Mysterious Sword - Magic Weakness","C","7887"
"8114","Ecliptic Sword - Empower","C","7888"
"8115","Ecliptic Sword - Magic Power","C","7888"
"8116","Ecliptic Sword - Magic Silence","C","7888"
"8117","Wizard's Tear - Acumen","B","7889"
"8118","Wizard's Tear - Magic Power","B","7889"
"8119","Wizard's Tear - Conversion","B","7889"
"8120","Dwarven Hammer - Health","C","7897"
"8121","Dwarven Hammer - Anger","C","7897"
"8122","Dwarven Hammer - Critical Bleed","C","7897"
"8123","Karik Horn - Focus","C","7898"
"8124","Karik Horn - Haste","C","7898"
"8125","Karik Horn - Critical Drain","C","7898"
"8126","Destroyer Hammer - Health","A","7899"
"8127","Destroyer Hammer - Haste","A","7899"
"8128","Destroyer Hammer - Critical Drain","A","7899"
"8129","Ice Storm Hammer - Focus","B","7900"
"8130","Ice Storm Hammer - Anger","B","7900"
"8131","Ice Storm Hammer - Critical Bleed","B","7900"
"8132","Star Buster - Health","B","7901"
"8133","Star Buster - Haste","B","7901"
"8134","Star Buster - Rsk. Focus","B","7901"
"8135","Doom Crusher - Health","A","7902"
"8136","Doom Crusher - Anger","A","7902"
"8137","Doom Crusher - Rsk. Haste","A","7902"
"8138","Ecliptic Axe - Conversion","C","7891"
"8139","Ecliptic Axe - Magic Power","C","7891"
"8140","Ecliptic Axe - Magic Hold","C","7891"
"8141","Spell Breaker - Acumen","B","7892"
"8142","Spell Breaker - Magic Mental Shield","B","7892"
"8143","Spell Breaker - Magic Hold","B","7892"
"8144","Kaim Vanul's Bones - Mana Up","B","7893"
"8145","Kaim Vanul's Bones - Magic Silence","B","7893"
"8146","Kaim Vanul's Bones - Conversion","B","7893"
"8147","Spiritual Eye - Mana Up","A","7894"
"8148","Spiritual Eye - Magic Poison","A","7894"
"8149","Spiritual Eye - Acumen","A","7894"
"8150","Flaming Dragon Skull - Acumen","A","7895"
"8151","Flaming Dragon Skull - Magic Power","A","7895"
"8152","Flaming Dragon Skull - Magic Silence","A","7895"
"8788","Sirra's Blade - Haste","A","8678"
"8789","Sirra's Blade - Health","A","8678"
"8790","Sirra's Blade - Critical Poison","A","8678"
"8791","Sword of Ipos - Focus","A","8679"
"8792","Sword of Ipos - Haste","A","8679"
"8793","Sword of Ipos - Health","A","8679"
"8794","Barakiel's Axe - Health","A","8680"
"8795","Barakiel's Axe - Haste","A","8680"
"8796","Barakiel's Axe - Focus","A","8680"
"8797","Behemoth's Tuning Fork - Focus","A","8681"
"8798","Behemoth's Tuning Fork - Health","A","8681"
"8799","Behemoth's Tuning Fork - Anger","A","8681"
"8800","Naga Storm - Focus","A","8682"
"8801","Naga Storm - Critical Damage","A","8682"
"8802","Naga Storm - Back Blow","A","8682"
"8803","Tiphon's Spear - Critical Stun","A","8683"
"8804","Tiphon's Spear - Towering Blow","A","8683"
"8805","Tiphon's Spear - Wild Blow","A","8683"
"8806","Shyeed's Bow - Cheap Shot","A","8684"
"8807","Shyeed's Bow - Focus","A","8684"
"8808","Shyeed's Bow - Quick Recovery","A","8684"
"8809","Sobekk's Hurricane - Rsk. Haste","A","8685"
"8810","Sobekk's Hurricane - Haste","A","8685"
"8811","Sobekk's Hurricane - Critical Drain","A","8685"
"8812","Themis' Tongue - Mana Up","A","8686"
"8813","Themis' Tongue - Magic Mental Shield","A","8686"
"8814","Themis' Tongue - Magic Focus","A","8686"
"8815","Cabrio's Hand - Conversion","A","8687"
"8816","Cabrio's Hand - Mana Up","A","8687"
"8817","Cabrio's Hand - Magic Silence","A","8687"
"8818","Daimon Crystal - Mana Up","A","8688"
"8819","Daimon Crystal - Acumen","A","8688"
"8820","Daimon Crystal - Magic Mental Shield","A","8688"
