id	donor	grade	gradeIdx	pAtk	mAtk	class	glow	name
1	1	NG	0			SWORD_P	004t	Short Sword
2	2	NG	0			SWORD_P	004t	Long Sword
3	3	NG	0			SWORD_P	004t	Broadsword
4	4	NG	0			BLUNT_P	007t	Club
5	5	NG	0			BLUNT_P	007t	Mace
6	6	NG	0			BLUNT_M	007t	Apprentice's Wand
7	7	NG	0			BLUNT_M	007t	Apprentice's Rod
8	8	NG	0			BIGBLUNT_M	005t	Willow Staff
9	9	NG	0			BIGBLUNT_M	005t	Cedar Staff
10	10	NG	0			DAGGER_P	002t	Dagger
11	11	NG	0			DAGGER_P	002t	Bone Dagger
12	12	NG	0			DAGGER_P	002t	Knife
13	13	NG	0			BOW	008t	Short Bow
14	14	NG	0			BOW	008t	Bow
15	15	NG	0			POLE	002t	Short Spear
16	16	NG	0			POLE	002t	Long Spear
66	66	NG	0			SWORD_P	004t	Gladius
69	69	D	1			SWORD_P	004t	Bastard Sword
12000	69	C	2	156	83	SWORD_P	004t	Bastard Sword
12001	69	B	3	194	99	SWORD_P	004t	Bastard Sword
12002	69	A	4	258	121	SWORD_P	004t	Bastard Sword
12003	69	S	5	297	137	SWORD_P	004t	Bastard Sword
70	70	D	1			BIGSWORD	004t	Claymore
12004	70	C	2	190	83	BIGSWORD	004t	Claymore
12005	70	B	3	236	99	BIGSWORD	004t	Claymore
12006	70	A	4	305	121	BIGSWORD	004t	Claymore
12007	70	S	5	361	137	BIGSWORD	004t	Claymore
71	71	C	2			BIGSWORD	004t	Flamberge
12008	71	B	3	236	99	BIGSWORD	004t	Flamberge
12009	71	A	4	305	121	BIGSWORD	004t	Flamberge
12010	71	S	5	361	137	BIGSWORD	004t	Flamberge
72	72	C	2			SWORD_P	004t	Stormbringer
12011	72	B	3	194	99	SWORD_P	004t	Stormbringer
12012	72	A	4	258	121	SWORD_P	004t	Stormbringer
12013	72	S	5	297	137	SWORD_P	004t	Stormbringer
75	75	C	2			SWORD_P	004t	Caliburs
12014	75	B	3	194	99	SWORD_P	004t	Caliburs
12015	75	A	4	258	121	SWORD_P	004t	Caliburs
12016	75	S	5	297	137	SWORD_P	004t	Caliburs
77	77	C	2			SWORD_P	004t	Tsurugi
12017	77	B	3	194	99	SWORD_P	004t	Tsurugi
12018	77	A	4	258	121	SWORD_P	004t	Tsurugi
12019	77	S	5	297	137	SWORD_P	004t	Tsurugi
78	78	B	3			BIGSWORD	004t	Great Sword
12020	78	A	4	305	121	BIGSWORD	004t	Great Sword
12021	78	S	5	361	137	BIGSWORD	004t	Great Sword
79	79	B	3			SWORD_P	004t	Sword of Damascus
12022	79	A	4	258	121	SWORD_P	004t	Sword of Damascus
12023	79	S	5	297	137	SWORD_P	004t	Sword of Damascus
80	80	A	4			SWORD_P	004t	Tallum Blade
12024	80	S	5	297	137	SWORD_P	004t	Tallum Blade
81	81	A	4			BIGSWORD	004t	Dragon Slayer
12025	81	S	5	361	137	BIGSWORD	004t	Dragon Slayer
83	83	D	1			SWORD_M	004t	Sword of Magic
12026	83	C	2	125	111	SWORD_M	004t	Sword of Magic
12027	83	B	3	155	132	SWORD_M	004t	Sword of Magic
12028	83	A	4	202	161	SWORD_M	004t	Sword of Magic
12029	83	S	5	238	182	SWORD_M	004t	Sword of Magic
84	84	C	2			SWORD_M	004t	Homunkulus's Sword
12030	84	B	3	155	132	SWORD_M	004t	Homunkulus's Sword
12031	84	A	4	202	161	SWORD_M	004t	Homunkulus's Sword
12032	84	S	5	238	182	SWORD_M	004t	Homunkulus's Sword
85	85	A	4			SWORD_M	004t	Phantom Sword
12033	85	S	5	238	182	SWORD_M	004t	Phantom Sword
88	88	D	1			BLUNT_P	007t	Morning Star
12034	88	C	2	156	83	BLUNT_P	007t	Morning Star
12035	88	B	3	194	99	BLUNT_P	007t	Morning Star
12036	88	A	4	258	121	BLUNT_P	007t	Morning Star
12037	88	S	5	297	137	BLUNT_P	007t	Morning Star
89	89	C	2			BLUNT_P	007t	Big Hammer
12038	89	B	3	194	99	BLUNT_P	007t	Big Hammer
12039	89	A	4	258	121	BLUNT_P	007t	Big Hammer
12040	89	S	5	297	137	BLUNT_P	007t	Big Hammer
90	90	D	1			BIGBLUNT_M	005t	Goat Head Staff
12041	90	C	2	152	111	BIGBLUNT_M	005t	Goat Head Staff
12042	90	B	3	189	132	BIGBLUNT_M	005t	Goat Head Staff
12043	90	A	4	245	161	BIGBLUNT_M	005t	Goat Head Staff
12044	90	S	5	290	182	BIGBLUNT_M	005t	Goat Head Staff
91	91	B	3			BLUNT_P	007t	Heavy War Axe
12045	91	A	4	258	121	BLUNT_P	007t	Heavy War Axe
12046	91	S	5	297	137	BLUNT_P	007t	Heavy War Axe
92	92	B	3			BIGBLUNT_M	005t	Sprite's Staff
12047	92	A	4	245	161	BIGBLUNT_M	005t	Sprite's Staff
12048	92	S	5	290	182	BIGBLUNT_M	005t	Sprite's Staff
93	93	D	1			POLE	002t	Winged Spear
12049	93	C	2	156	83	POLE	002t	Winged Spear
12050	93	B	3	194	99	POLE	002t	Winged Spear
12051	93	A	4	258	121	POLE	002t	Winged Spear
12052	93	S	5	297	137	POLE	002t	Winged Spear
94	94	C	2			POLE	002t	Bec de Corbin
12053	94	B	3	194	99	POLE	002t	Bec de Corbin
12054	94	A	4	258	121	POLE	002t	Bec de Corbin
12055	94	S	5	297	137	POLE	002t	Bec de Corbin
95	95	C	2			POLE	002t	Poleaxe
12056	95	B	3	194	99	POLE	002t	Poleaxe
12057	95	A	4	258	121	POLE	002t	Poleaxe
12058	95	S	5	297	137	POLE	002t	Poleaxe
97	97	B	3			POLE	002t	Lance
12059	97	A	4	258	121	POLE	002t	Lance
12060	97	S	5	297	137	POLE	002t	Lance
98	98	A	4			POLE	002t	Halberd
12061	98	S	5	297	137	POLE	002t	Halberd
100	100	NG	0			ETC_M	007t	Voodoo Doll
101	101	D	1			ETC_M	007t	Scroll of Wisdom
12062	101	C	2	125	111	ETC_M	007t	Scroll of Wisdom
12063	101	B	3	155	132	ETC_M	007t	Scroll of Wisdom
12064	101	A	4	202	161	ETC_M	007t	Scroll of Wisdom
12065	101	S	5	238	182	ETC_M	007t	Scroll of Wisdom
121	121	NG	0			SWORD_P	004t	Sword of Watershadow
122	122	NG	0			SWORD_P	004t	Handmade Sword
124	124	D	1			BIGSWORD	004t	Two-Handed Sword
12066	124	C	2	190	83	BIGSWORD	004t	Two-Handed Sword
12067	124	B	3	236	99	BIGSWORD	004t	Two-Handed Sword
12068	124	A	4	305	121	BIGSWORD	004t	Two-Handed Sword
12069	124	S	5	361	137	BIGSWORD	004t	Two-Handed Sword
125	125	D	1			SWORD_P	004t	Spinebone Sword
12070	125	C	2	156	83	SWORD_P	004t	Spinebone Sword
12071	125	B	3	194	99	SWORD_P	004t	Spinebone Sword
12072	125	A	4	258	121	SWORD_P	004t	Spinebone Sword
12073	125	S	5	297	137	SWORD_P	004t	Spinebone Sword
126	126	D	1			SWORD_P	004t	Artisan's Sword
12074	126	C	2	156	83	SWORD_P	004t	Artisan's Sword
12075	126	B	3	194	99	SWORD_P	004t	Artisan's Sword
12076	126	A	4	258	121	SWORD_P	004t	Artisan's Sword
12077	126	S	5	297	137	SWORD_P	004t	Artisan's Sword
128	128	D	1			SWORD_P	004t	Knight's Sword
12078	128	C	2	156	83	SWORD_P	004t	Knight's Sword
12079	128	B	3	194	99	SWORD_P	004t	Knight's Sword
12080	128	A	4	258	121	SWORD_P	004t	Knight's Sword
12081	128	S	5	297	137	SWORD_P	004t	Knight's Sword
129	129	D	1			SWORD_P	004t	Sword of Revolution
12082	129	C	2	156	83	SWORD_P	004t	Sword of Revolution
12083	129	B	3	194	99	SWORD_P	004t	Sword of Revolution
12084	129	A	4	258	121	SWORD_P	004t	Sword of Revolution
12085	129	S	5	297	137	SWORD_P	004t	Sword of Revolution
130	130	D	1			SWORD_P	004t	Elven Sword
12086	130	C	2	156	83	SWORD_P	004t	Elven Sword
12087	130	B	3	194	99	SWORD_P	004t	Elven Sword
12088	130	A	4	258	121	SWORD_P	004t	Elven Sword
12089	130	S	5	297	137	SWORD_P	004t	Elven Sword
131	131	C	2			SWORD_P	004t	Spirit Sword
12090	131	B	3	194	99	SWORD_P	004t	Spirit Sword
12091	131	A	4	258	121	SWORD_P	004t	Spirit Sword
12092	131	S	5	297	137	SWORD_P	004t	Spirit Sword
132	132	C	2			SWORD_P	004t	Sword of Limit
12093	132	B	3	194	99	SWORD_P	004t	Sword of Limit
12094	132	A	4	258	121	SWORD_P	004t	Sword of Limit
12095	132	S	5	297	137	SWORD_P	004t	Sword of Limit
133	133	C	2			SWORD_P	004t	Raid Sword
12096	133	B	3	194	99	SWORD_P	004t	Raid Sword
12097	133	A	4	258	121	SWORD_P	004t	Raid Sword
12098	133	S	5	297	137	SWORD_P	004t	Raid Sword
134	134	C	2			SWORD_P	004t	Sword of Nightmare
12099	134	B	3	194	99	SWORD_P	004t	Sword of Nightmare
12100	134	A	4	258	121	SWORD_P	004t	Sword of Nightmare
12101	134	S	5	297	137	SWORD_P	004t	Sword of Nightmare
135	135	C	2			SWORD_P	004t	Samurai Longsword
12102	135	B	3	194	99	SWORD_P	004t	Samurai Longsword
12103	135	A	4	258	121	SWORD_P	004t	Samurai Longsword
12104	135	S	5	297	137	SWORD_P	004t	Samurai Longsword
136	136	B	3			SWORD_P	004t	Blade of Serenity
12105	136	A	4	258	121	SWORD_P	004t	Blade of Serenity
12106	136	S	5	297	137	SWORD_P	004t	Blade of Serenity
142	142	B	3			SWORD_P	004t	Keshanberk
12107	142	A	4	258	121	SWORD_P	004t	Keshanberk
12108	142	S	5	297	137	SWORD_P	004t	Keshanberk
143	143	D	1			SWORD_M	004t	Sword of Mystic
12109	143	C	2	125	111	SWORD_M	004t	Sword of Mystic
12110	143	B	3	155	132	SWORD_M	004t	Sword of Mystic
12111	143	A	4	202	161	SWORD_M	004t	Sword of Mystic
12112	143	S	5	238	182	SWORD_M	004t	Sword of Mystic
144	144	D	1			SWORD_M	004t	Sword of Occult
12113	144	C	2	125	111	SWORD_M	004t	Sword of Occult
12114	144	B	3	155	132	SWORD_M	004t	Sword of Occult
12115	144	A	4	202	161	SWORD_M	004t	Sword of Occult
12116	144	S	5	238	182	SWORD_M	004t	Sword of Occult
145	145	C	2			SWORD_M	004t	Sword of Whispering Death
12117	145	B	3	155	132	SWORD_M	004t	Sword of Whispering Death
12118	145	A	4	202	161	SWORD_M	004t	Sword of Whispering Death
12119	145	S	5	238	182	SWORD_M	004t	Sword of Whispering Death
146	146	B	3			SWORD_M	004t	Ghoulbane
12120	146	A	4	202	161	SWORD_M	004t	Ghoulbane
12121	146	S	5	238	182	SWORD_M	004t	Ghoulbane
148	148	B	3			SWORD_M	004t	Sword of Valhalla
12122	148	A	4	202	161	SWORD_M	004t	Sword of Valhalla
12123	148	S	5	238	182	SWORD_M	004t	Sword of Valhalla
149	149	A	4			SWORD_M	004t	Sword of Life
12124	149	S	5	238	182	SWORD_M	004t	Sword of Life
150	150	A	4			SWORD_M	004t	Elemental Sword
12125	150	S	5	238	182	SWORD_M	004t	Elemental Sword
151	151	A	4			SWORD_M	004t	Sword of Miracles
12126	151	S	5	238	182	SWORD_M	004t	Sword of Miracles
154	154	NG	0			BLUNT_P	007t	Dwarven Mace
155	155	NG	0			BLUNT_P	007t	Buzdygan
157	157	D	1			BLUNT_P	007t	Spiked Club
12127	157	C	2	156	83	BLUNT_P	007t	Spiked Club
12128	157	B	3	194	99	BLUNT_P	007t	Spiked Club
12129	157	A	4	258	121	BLUNT_P	007t	Spiked Club
12130	157	S	5	297	137	BLUNT_P	007t	Spiked Club
158	158	D	1			BLUNT_P	007t	Tarbar
12131	158	C	2	156	83	BLUNT_P	007t	Tarbar
12132	158	B	3	194	99	BLUNT_P	007t	Tarbar
12133	158	A	4	258	121	BLUNT_P	007t	Tarbar
12134	158	S	5	297	137	BLUNT_P	007t	Tarbar
159	159	D	1			BLUNT_P	007t	Bonebreaker
12135	159	C	2	156	83	BLUNT_P	007t	Bonebreaker
12136	159	B	3	194	99	BLUNT_P	007t	Bonebreaker
12137	159	A	4	258	121	BLUNT_P	007t	Bonebreaker
12138	159	S	5	297	137	BLUNT_P	007t	Bonebreaker
161	161	C	2			BLUNT_P	007t	Silver Axe
12139	161	B	3	194	99	BLUNT_P	007t	Silver Axe
12140	161	A	4	258	121	BLUNT_P	007t	Silver Axe
12141	161	S	5	297	137	BLUNT_P	007t	Silver Axe
162	162	C	2			BLUNT_P	007t	War Axe
12142	162	B	3	194	99	BLUNT_P	007t	War Axe
12143	162	A	4	258	121	BLUNT_P	007t	War Axe
12144	162	S	5	297	137	BLUNT_P	007t	War Axe
164	164	A	4			BLUNT_P	007t	Elysian
12145	164	S	5	297	137	BLUNT_P	007t	Elysian
166	166	D	1			BLUNT_P	007t	Heavy Mace
12146	166	C	2	156	83	BLUNT_P	007t	Heavy Mace
12147	166	B	3	194	99	BLUNT_P	007t	Heavy Mace
12148	166	A	4	258	121	BLUNT_P	007t	Heavy Mace
12149	166	S	5	297	137	BLUNT_P	007t	Heavy Mace
167	167	D	1			BLUNT_P	007t	Scalpel
12150	167	C	2	156	83	BLUNT_P	007t	Scalpel
12151	167	B	3	194	99	BLUNT_P	007t	Scalpel
12152	167	A	4	258	121	BLUNT_P	007t	Scalpel
12153	167	S	5	297	137	BLUNT_P	007t	Scalpel
168	168	D	1			BLUNT_P	007t	Work Hammer
12154	168	C	2	156	83	BLUNT_P	007t	Work Hammer
12155	168	B	3	194	99	BLUNT_P	007t	Work Hammer
12156	168	A	4	258	121	BLUNT_P	007t	Work Hammer
12157	168	S	5	297	137	BLUNT_P	007t	Work Hammer
169	169	D	1			BLUNT_P	007t	Skull Breaker
12158	169	C	2	156	83	BLUNT_P	007t	Skull Breaker
12159	169	B	3	194	99	BLUNT_P	007t	Skull Breaker
12160	169	A	4	258	121	BLUNT_P	007t	Skull Breaker
12161	169	S	5	297	137	BLUNT_P	007t	Skull Breaker
171	171	B	3			BLUNT_P	007t	Deadman's Glory
12162	171	A	4	258	121	BLUNT_P	007t	Deadman's Glory
12163	171	S	5	297	137	BLUNT_P	007t	Deadman's Glory
172	172	D	1			BLUNT_P	007t	Heavy Bone Club
12164	172	C	2	156	83	BLUNT_P	007t	Heavy Bone Club
12165	172	B	3	194	99	BLUNT_P	007t	Heavy Bone Club
12166	172	A	4	258	121	BLUNT_P	007t	Heavy Bone Club
12167	172	S	5	297	137	BLUNT_P	007t	Heavy Bone Club
173	173	C	2			BLUNT_P	007t	Skull Graver
12168	173	B	3	194	99	BLUNT_P	007t	Skull Graver
12169	173	A	4	258	121	BLUNT_P	007t	Skull Graver
12170	173	S	5	297	137	BLUNT_P	007t	Skull Graver
174	174	C	2			BLUNT_M	007t	Nirvana Axe
12171	174	B	3	155	132	BLUNT_M	007t	Nirvana Axe
12172	174	A	4	202	161	BLUNT_M	007t	Nirvana Axe
12173	174	S	5	238	182	BLUNT_M	007t	Nirvana Axe
175	175	B	3			BLUNT_P	007t	Art of Battle Axe
12174	175	A	4	258	121	BLUNT_P	007t	Art of Battle Axe
12175	175	S	5	297	137	BLUNT_P	007t	Art of Battle Axe
178	178	D	1			BIGBLUNT_M	005t	Bone Staff
12176	178	C	2	152	111	BIGBLUNT_M	005t	Bone Staff
12177	178	B	3	189	132	BIGBLUNT_M	005t	Bone Staff
12178	178	A	4	245	161	BIGBLUNT_M	005t	Bone Staff
12179	178	S	5	290	182	BIGBLUNT_M	005t	Bone Staff
179	179	D	1			BLUNT_M	007t	Mace of Prayer
12180	179	C	2	125	111	BLUNT_M	007t	Mace of Prayer
12181	179	B	3	155	132	BLUNT_M	007t	Mace of Prayer
12182	179	A	4	202	161	BLUNT_M	007t	Mace of Prayer
12183	179	S	5	238	182	BLUNT_M	007t	Mace of Prayer
180	180	D	1			BLUNT_M	007t	Mace of Judgment
12184	180	C	2	125	111	BLUNT_M	007t	Mace of Judgment
12185	180	B	3	155	132	BLUNT_M	007t	Mace of Judgment
12186	180	A	4	202	161	BLUNT_M	007t	Mace of Judgment
12187	180	S	5	238	182	BLUNT_M	007t	Mace of Judgment
181	181	D	1			BLUNT_M	007t	Mace of Miracle
12188	181	C	2	125	111	BLUNT_M	007t	Mace of Miracle
12189	181	B	3	155	132	BLUNT_M	007t	Mace of Miracle
12190	181	A	4	202	161	BLUNT_M	007t	Mace of Miracle
12191	181	S	5	238	182	BLUNT_M	007t	Mace of Miracle
182	182	D	1			BLUNT_M	007t	Doom Hammer
12192	182	C	2	125	111	BLUNT_M	007t	Doom Hammer
12193	182	B	3	155	132	BLUNT_M	007t	Doom Hammer
12194	182	A	4	202	161	BLUNT_M	007t	Doom Hammer
12195	182	S	5	238	182	BLUNT_M	007t	Doom Hammer
183	183	D	1			BIGBLUNT_M	005t	Mystic Staff
12196	183	C	2	152	111	BIGBLUNT_M	005t	Mystic Staff
12197	183	B	3	189	132	BIGBLUNT_M	005t	Mystic Staff
12198	183	A	4	245	161	BIGBLUNT_M	005t	Mystic Staff
12199	183	S	5	290	182	BIGBLUNT_M	005t	Mystic Staff
184	184	D	1			BIGBLUNT_M	005t	Conjuror's Staff
12200	184	C	2	152	111	BIGBLUNT_M	005t	Conjuror's Staff
12201	184	B	3	189	132	BIGBLUNT_M	005t	Conjuror's Staff
12202	184	A	4	245	161	BIGBLUNT_M	005t	Conjuror's Staff
12203	184	S	5	290	182	BIGBLUNT_M	005t	Conjuror's Staff
185	185	D	1			BIGBLUNT_M	005t	Staff of Mana
12204	185	C	2	152	111	BIGBLUNT_M	005t	Staff of Mana
12205	185	B	3	189	132	BIGBLUNT_M	005t	Staff of Mana
12206	185	A	4	245	161	BIGBLUNT_M	005t	Staff of Mana
12207	185	S	5	290	182	BIGBLUNT_M	005t	Staff of Mana
186	186	D	1			BIGBLUNT_M	005t	Staff of Magic
12208	186	C	2	152	111	BIGBLUNT_M	005t	Staff of Magic
12209	186	B	3	189	132	BIGBLUNT_M	005t	Staff of Magic
12210	186	A	4	245	161	BIGBLUNT_M	005t	Staff of Magic
12211	186	S	5	290	182	BIGBLUNT_M	005t	Staff of Magic
187	187	D	1			BIGBLUNT_M	005t	Atuba Hammer
12212	187	C	2	152	111	BIGBLUNT_M	005t	Atuba Hammer
12213	187	B	3	189	132	BIGBLUNT_M	005t	Atuba Hammer
12214	187	A	4	245	161	BIGBLUNT_M	005t	Atuba Hammer
12215	187	S	5	290	182	BIGBLUNT_M	005t	Atuba Hammer
188	188	D	1			BIGBLUNT_M	005t	Ghost Staff
12216	188	C	2	152	111	BIGBLUNT_M	005t	Ghost Staff
12217	188	B	3	189	132	BIGBLUNT_M	005t	Ghost Staff
12218	188	A	4	245	161	BIGBLUNT_M	005t	Ghost Staff
12219	188	S	5	290	182	BIGBLUNT_M	005t	Ghost Staff
189	189	D	1			BLUNT_M	007t	Staff of Life
12220	189	C	2	125	111	BLUNT_M	007t	Staff of Life
12221	189	B	3	155	132	BLUNT_M	007t	Staff of Life
12222	189	A	4	202	161	BLUNT_M	007t	Staff of Life
12223	189	S	5	238	182	BLUNT_M	007t	Staff of Life
190	190	D	1			BIGBLUNT_M	005t	Atuba Mace
12224	190	C	2	152	111	BIGBLUNT_M	005t	Atuba Mace
12225	190	B	3	189	132	BIGBLUNT_M	005t	Atuba Mace
12226	190	A	4	245	161	BIGBLUNT_M	005t	Atuba Mace
12227	190	S	5	290	182	BIGBLUNT_M	005t	Atuba Mace
191	191	C	2			BIGBLUNT_M	005t	Heavy Doom Hammer
12228	191	B	3	189	132	BIGBLUNT_M	005t	Heavy Doom Hammer
12229	191	A	4	245	161	BIGBLUNT_M	005t	Heavy Doom Hammer
12230	191	S	5	290	182	BIGBLUNT_M	005t	Heavy Doom Hammer
192	192	C	2			BIGBLUNT_M	005t	Crystal Staff
12231	192	B	3	189	132	BIGBLUNT_M	005t	Crystal Staff
12232	192	A	4	245	161	BIGBLUNT_M	005t	Crystal Staff
12233	192	S	5	290	182	BIGBLUNT_M	005t	Crystal Staff
193	193	C	2			BLUNT_M	007t	Stick of Faith
12234	193	B	3	155	132	BLUNT_M	007t	Stick of Faith
12235	193	A	4	202	161	BLUNT_M	007t	Stick of Faith
12236	193	S	5	238	182	BLUNT_M	007t	Stick of Faith
194	194	C	2			BIGBLUNT_M	005t	Heavy Doom Axe
12237	194	B	3	189	132	BIGBLUNT_M	005t	Heavy Doom Axe
12238	194	A	4	245	161	BIGBLUNT_M	005t	Heavy Doom Axe
12239	194	S	5	290	182	BIGBLUNT_M	005t	Heavy Doom Axe
195	195	C	2			BIGBLUNT_M	005t	Cursed Staff
12240	195	B	3	189	132	BIGBLUNT_M	005t	Cursed Staff
12241	195	A	4	245	161	BIGBLUNT_M	005t	Cursed Staff
12242	195	S	5	290	182	BIGBLUNT_M	005t	Cursed Staff
196	196	C	2			BLUNT_M	007t	Stick of Eternity
12243	196	B	3	155	132	BLUNT_M	007t	Stick of Eternity
12244	196	A	4	202	161	BLUNT_M	007t	Stick of Eternity
12245	196	S	5	238	182	BLUNT_M	007t	Stick of Eternity
197	197	C	2			BIGBLUNT_M	005t	Paradia Staff
12246	197	B	3	189	132	BIGBLUNT_M	005t	Paradia Staff
12247	197	A	4	245	161	BIGBLUNT_M	005t	Paradia Staff
12248	197	S	5	290	182	BIGBLUNT_M	005t	Paradia Staff
198	198	C	2			BIGBLUNT_M	005t	Inferno Staff
12249	198	B	3	189	132	BIGBLUNT_M	005t	Inferno Staff
12250	198	A	4	245	161	BIGBLUNT_M	005t	Inferno Staff
12251	198	S	5	290	182	BIGBLUNT_M	005t	Inferno Staff
199	199	C	2			BIGBLUNT_M	005t	Pa'agrian Hammer
12252	199	B	3	189	132	BIGBLUNT_M	005t	Pa'agrian Hammer
12253	199	A	4	245	161	BIGBLUNT_M	005t	Pa'agrian Hammer
12254	199	S	5	290	182	BIGBLUNT_M	005t	Pa'agrian Hammer
200	200	C	2			BIGBLUNT_M	005t	Sage's Staff
12255	200	B	3	189	132	BIGBLUNT_M	005t	Sage's Staff
12256	200	A	4	245	161	BIGBLUNT_M	005t	Sage's Staff
12257	200	S	5	290	182	BIGBLUNT_M	005t	Sage's Staff
201	201	C	2			BLUNT_M	007t	Club of Nature
12258	201	B	3	155	132	BLUNT_M	007t	Club of Nature
12259	201	A	4	202	161	BLUNT_M	007t	Club of Nature
12260	201	S	5	238	182	BLUNT_M	007t	Club of Nature
202	202	C	2			BLUNT_M	007t	Mace of The Underworld
12261	202	B	3	155	132	BLUNT_M	007t	Mace of The Underworld
12262	202	A	4	202	161	BLUNT_M	007t	Mace of The Underworld
12263	202	S	5	238	182	BLUNT_M	007t	Mace of The Underworld
203	203	C	2			BIGBLUNT_M	005t	Pa'agrian Axe
12264	203	B	3	189	132	BIGBLUNT_M	005t	Pa'agrian Axe
12265	203	A	4	245	161	BIGBLUNT_M	005t	Pa'agrian Axe
12266	203	S	5	290	182	BIGBLUNT_M	005t	Pa'agrian Axe
204	204	C	2			BIGBLUNT_M	005t	Deadman's Staff
12267	204	B	3	189	132	BIGBLUNT_M	005t	Deadman's Staff
12268	204	A	4	245	161	BIGBLUNT_M	005t	Deadman's Staff
12269	204	S	5	290	182	BIGBLUNT_M	005t	Deadman's Staff
205	205	C	2			BIGBLUNT_M	005t	Ghoul's Staff
12270	205	B	3	189	132	BIGBLUNT_M	005t	Ghoul's Staff
12271	205	A	4	245	161	BIGBLUNT_M	005t	Ghoul's Staff
12272	205	S	5	290	182	BIGBLUNT_M	005t	Ghoul's Staff
206	206	C	2			BIGBLUNT_M	005t	Demon's Staff
12273	206	B	3	189	132	BIGBLUNT_M	005t	Demon's Staff
12274	206	A	4	245	161	BIGBLUNT_M	005t	Demon's Staff
12275	206	S	5	290	182	BIGBLUNT_M	005t	Demon's Staff
210	210	B	3			BIGBLUNT_M	005t	Staff of Evil Spirits
12276	210	A	4	245	161	BIGBLUNT_M	005t	Staff of Evil Spirits
12277	210	S	5	290	182	BIGBLUNT_M	005t	Staff of Evil Spirits
212	212	A	4			BIGBLUNT_M	005t	Dasparion's Staff
12278	212	S	5	290	182	BIGBLUNT_M	005t	Dasparion's Staff
213	213	A	4			BIGBLUNT_M	005t	Branch of The Mother Tree
12279	213	S	5	290	182	BIGBLUNT_M	005t	Branch of The Mother Tree
215	215	NG	0			DAGGER_P	002t	Doom Dagger
217	217	NG	0			DAGGER_P	002t	Shining Knife
218	218	NG	0			DAGGER_P	002t	Throwing Knife
219	219	NG	0			DAGGER_P	002t	Sword Breaker
220	220	D	1			DAGGER_P	002t	Crafted Dagger
12280	220	C	2	136	83	DAGGER_P	002t	Crafted Dagger
12281	220	B	3	170	99	DAGGER_P	002t	Crafted Dagger
12282	220	A	4	220	121	DAGGER_P	002t	Crafted Dagger
12283	220	S	5	260	137	DAGGER_P	002t	Crafted Dagger
221	221	D	1			DAGGER_P	002t	Assassin Knife
12284	221	C	2	136	83	DAGGER_P	002t	Assassin Knife
12285	221	B	3	170	99	DAGGER_P	002t	Assassin Knife
12286	221	A	4	220	121	DAGGER_P	002t	Assassin Knife
12287	221	S	5	260	137	DAGGER_P	002t	Assassin Knife
222	222	D	1			DAGGER_P	002t	Poniard Dagger
12288	222	C	2	136	83	DAGGER_P	002t	Poniard Dagger
12289	222	B	3	170	99	DAGGER_P	002t	Poniard Dagger
12290	222	A	4	220	121	DAGGER_P	002t	Poniard Dagger
12291	222	S	5	260	137	DAGGER_P	002t	Poniard Dagger
224	224	D	1			DAGGER_P	002t	Maingauche
12292	224	C	2	136	83	DAGGER_P	002t	Maingauche
12293	224	B	3	170	99	DAGGER_P	002t	Maingauche
12294	224	A	4	220	121	DAGGER_P	002t	Maingauche
12295	224	S	5	260	137	DAGGER_P	002t	Maingauche
225	225	D	1			DAGGER_P	002t	Mithril Dagger
12296	225	C	2	136	83	DAGGER_P	002t	Mithril Dagger
12297	225	B	3	170	99	DAGGER_P	002t	Mithril Dagger
12298	225	A	4	220	121	DAGGER_P	002t	Mithril Dagger
12299	225	S	5	260	137	DAGGER_P	002t	Mithril Dagger
226	226	C	2			DAGGER_P	002t	Cursed Dagger
12300	226	B	3	170	99	DAGGER_P	002t	Cursed Dagger
12301	226	A	4	220	121	DAGGER_P	002t	Cursed Dagger
12302	226	S	5	260	137	DAGGER_P	002t	Cursed Dagger
227	227	C	2			DAGGER_P	002t	Stiletto
12303	227	B	3	170	99	DAGGER_P	002t	Stiletto
12304	227	A	4	220	121	DAGGER_P	002t	Stiletto
12305	227	S	5	260	137	DAGGER_P	002t	Stiletto
229	229	B	3			DAGGER_P	002t	Kris
12306	229	A	4	220	121	DAGGER_P	002t	Kris
12307	229	S	5	260	137	DAGGER_P	002t	Kris
230	230	C	2			DAGGER_P	002t	Wolverine Needle
12308	230	B	3	170	99	DAGGER_P	002t	Wolverine Needle
12309	230	A	4	220	121	DAGGER_P	002t	Wolverine Needle
12310	230	S	5	260	137	DAGGER_P	002t	Wolverine Needle
231	231	C	2			DAGGER_P	002t	Grace Dagger
12311	231	B	3	170	99	DAGGER_P	002t	Grace Dagger
12312	231	A	4	220	121	DAGGER_P	002t	Grace Dagger
12313	231	S	5	260	137	DAGGER_P	002t	Grace Dagger
232	232	C	2			DAGGER_P	002t	Dark Elven Dagger
12314	232	B	3	170	99	DAGGER_P	002t	Dark Elven Dagger
12315	232	A	4	220	121	DAGGER_P	002t	Dark Elven Dagger
12316	232	S	5	260	137	DAGGER_P	002t	Dark Elven Dagger
233	233	C	2			DAGGER_P	002t	Dark Screamer
12317	233	B	3	170	99	DAGGER_P	002t	Dark Screamer
12318	233	A	4	220	121	DAGGER_P	002t	Dark Screamer
12319	233	S	5	260	137	DAGGER_P	002t	Dark Screamer
234	234	B	3			DAGGER_P	002t	Demon Dagger
12320	234	A	4	220	121	DAGGER_P	002t	Demon Dagger
12321	234	S	5	260	137	DAGGER_P	002t	Demon Dagger
235	235	A	4			DAGGER_P	002t	Bloody Orchid
12322	235	S	5	260	137	DAGGER_P	002t	Bloody Orchid
236	236	A	4			DAGGER_P	002t	Soul Separator
12323	236	S	5	260	137	DAGGER_P	002t	Soul Separator
238	238	D	1			DAGGER_M	002t	Dagger of Mana
12324	238	C	2	125	111	DAGGER_M	002t	Dagger of Mana
12325	238	B	3	155	132	DAGGER_M	002t	Dagger of Mana
12326	238	A	4	202	161	DAGGER_M	002t	Dagger of Mana
12327	238	S	5	238	182	DAGGER_M	002t	Dagger of Mana
239	239	D	1			DAGGER_M	002t	Mystic Knife
12328	239	C	2	125	111	DAGGER_M	002t	Mystic Knife
12329	239	B	3	155	132	DAGGER_M	002t	Mystic Knife
12330	239	A	4	202	161	DAGGER_M	002t	Mystic Knife
12331	239	S	5	238	182	DAGGER_M	002t	Mystic Knife
241	241	D	1			DAGGER_M	002t	Shilen Knife
12332	241	C	2	125	111	DAGGER_M	002t	Shilen Knife
12333	241	B	3	155	132	DAGGER_M	002t	Shilen Knife
12334	241	A	4	202	161	DAGGER_M	002t	Shilen Knife
12335	241	S	5	238	182	DAGGER_M	002t	Shilen Knife
242	242	C	2			DAGGER_M	002t	Soulfire Dirk
12336	242	B	3	155	132	DAGGER_M	002t	Soulfire Dirk
12337	242	A	4	202	161	DAGGER_M	002t	Soulfire Dirk
12338	242	S	5	238	182	DAGGER_M	002t	Soulfire Dirk
243	243	B	3			DAGGER_M	002t	Hell Knife
12339	243	A	4	202	161	DAGGER_M	002t	Hell Knife
12340	243	S	5	238	182	DAGGER_M	002t	Hell Knife
253	253	NG	0			DUALFIST	001t	Spiked Gloves
254	254	NG	0			DUALFIST	001t	Iron Gloves
255	255	NG	0			DUALFIST	001t	Fox Claw Gloves
257	257	NG	0			DUALFIST	001t	Viper's Fang
258	258	D	1			DUALFIST	001t	Bagh-Nakh
12341	258	C	2	190	83	DUALFIST	001t	Bagh-Nakh
12342	258	B	3	236	99	DUALFIST	001t	Bagh-Nakh
12343	258	A	4	305	121	DUALFIST	001t	Bagh-Nakh
12344	258	S	5	361	137	DUALFIST	001t	Bagh-Nakh
259	259	D	1			DUALFIST	001t	Single-Edged Jamadhr
12345	259	C	2	190	83	DUALFIST	001t	Single-Edged Jamadhr
12346	259	B	3	236	99	DUALFIST	001t	Single-Edged Jamadhr
12347	259	A	4	305	121	DUALFIST	001t	Single-Edged Jamadhr
12348	259	S	5	361	137	DUALFIST	001t	Single-Edged Jamadhr
260	260	D	1			DUALFIST	001t	Triple-Edged Jamadhr
12349	260	C	2	190	83	DUALFIST	001t	Triple-Edged Jamadhr
12350	260	B	3	236	99	DUALFIST	001t	Triple-Edged Jamadhr
12351	260	A	4	305	121	DUALFIST	001t	Triple-Edged Jamadhr
12352	260	S	5	361	137	DUALFIST	001t	Triple-Edged Jamadhr
261	261	D	1			DUALFIST	001t	Bich'Hwa
12353	261	C	2	190	83	DUALFIST	001t	Bich'Hwa
12354	261	B	3	236	99	DUALFIST	001t	Bich'Hwa
12355	261	A	4	305	121	DUALFIST	001t	Bich'Hwa
12356	261	S	5	361	137	DUALFIST	001t	Bich'Hwa
262	262	D	1			DUALFIST	001t	Scallop Jamadhr
12357	262	C	2	190	83	DUALFIST	001t	Scallop Jamadhr
12358	262	B	3	236	99	DUALFIST	001t	Scallop Jamadhr
12359	262	A	4	305	121	DUALFIST	001t	Scallop Jamadhr
12360	262	S	5	361	137	DUALFIST	001t	Scallop Jamadhr
263	263	C	2			DUALFIST	001t	Chakram
12361	263	B	3	236	99	DUALFIST	001t	Chakram
12362	263	A	4	305	121	DUALFIST	001t	Chakram
12363	263	S	5	361	137	DUALFIST	001t	Chakram
265	265	C	2			DUALFIST	001t	Fisted Blade
12364	265	B	3	236	99	DUALFIST	001t	Fisted Blade
12365	265	A	4	305	121	DUALFIST	001t	Fisted Blade
12366	265	S	5	361	137	DUALFIST	001t	Fisted Blade
266	266	C	2			DUALFIST	001t	Great Pata
12367	266	B	3	236	99	DUALFIST	001t	Great Pata
12368	266	A	4	305	121	DUALFIST	001t	Great Pata
12369	266	S	5	361	137	DUALFIST	001t	Great Pata
267	267	B	3			DUALFIST	001t	Arthro Nail
12370	267	A	4	305	121	DUALFIST	001t	Arthro Nail
12371	267	S	5	361	137	DUALFIST	001t	Arthro Nail
268	268	B	3			DUALFIST	001t	Bellion Cestus
12372	268	A	4	305	121	DUALFIST	001t	Bellion Cestus
12373	268	S	5	361	137	DUALFIST	001t	Bellion Cestus
269	269	A	4			DUALFIST	001t	Blood Tornado
12374	269	S	5	361	137	DUALFIST	001t	Blood Tornado
270	270	A	4			DUALFIST	001t	Dragon Grinder
12375	270	S	5	361	137	DUALFIST	001t	Dragon Grinder
271	271	NG	0			BOW	008t	Hunting Bow
272	272	NG	0			BOW	008t	Forest Bow
273	273	NG	0			BOW	008t	Composition Bow
274	274	D	1			BOW	008t	Strengthened Bow
12376	274	C	2	323	84	BOW	008t	Strengthened Bow
12377	274	B	3	400	100	BOW	008t	Strengthened Bow
12378	274	A	4	570	133	BOW	008t	Strengthened Bow
12379	274	S	5	614	137	BOW	008t	Strengthened Bow
275	275	D	1			BOW	008t	Long Bow
12380	275	C	2	323	84	BOW	008t	Long Bow
12381	275	B	3	400	100	BOW	008t	Long Bow
12382	275	A	4	570	133	BOW	008t	Long Bow
12383	275	S	5	614	137	BOW	008t	Long Bow
276	276	D	1			BOW	008t	Elven Bow
12384	276	C	2	323	84	BOW	008t	Elven Bow
12385	276	B	3	400	100	BOW	008t	Elven Bow
12386	276	A	4	570	133	BOW	008t	Elven Bow
12387	276	S	5	614	137	BOW	008t	Elven Bow
277	277	D	1			BOW	008t	Dark Elven Bow
12388	277	C	2	323	84	BOW	008t	Dark Elven Bow
12389	277	B	3	400	100	BOW	008t	Dark Elven Bow
12390	277	A	4	570	133	BOW	008t	Dark Elven Bow
12391	277	S	5	614	137	BOW	008t	Dark Elven Bow
278	278	D	1			BOW	008t	Gastraphetes
12392	278	C	2	323	84	BOW	008t	Gastraphetes
12393	278	B	3	400	100	BOW	008t	Gastraphetes
12394	278	A	4	570	133	BOW	008t	Gastraphetes
12395	278	S	5	614	137	BOW	008t	Gastraphetes
279	279	D	1			BOW	008t	Strengthened Long Bow
12396	279	C	2	323	84	BOW	008t	Strengthened Long Bow
12397	279	B	3	400	100	BOW	008t	Strengthened Long Bow
12398	279	A	4	570	133	BOW	008t	Strengthened Long Bow
12399	279	S	5	614	137	BOW	008t	Strengthened Long Bow
280	280	D	1			BOW	008t	Light Crossbow
12400	280	C	2	323	84	BOW	008t	Light Crossbow
12401	280	B	3	400	100	BOW	008t	Light Crossbow
12402	280	A	4	570	133	BOW	008t	Light Crossbow
12403	280	S	5	614	137	BOW	008t	Light Crossbow
281	281	C	2			BOW	008t	Crystallized Ice Bow
12404	281	B	3	400	100	BOW	008t	Crystallized Ice Bow
12405	281	A	4	570	133	BOW	008t	Crystallized Ice Bow
12406	281	S	5	614	137	BOW	008t	Crystallized Ice Bow
282	282	C	2			BOW	008t	Elemental Bow
12407	282	B	3	400	100	BOW	008t	Elemental Bow
12408	282	A	4	570	133	BOW	008t	Elemental Bow
12409	282	S	5	614	137	BOW	008t	Elemental Bow
283	283	C	2			BOW	008t	Akat Long Bow
12410	283	B	3	400	100	BOW	008t	Akat Long Bow
12411	283	A	4	570	133	BOW	008t	Akat Long Bow
12412	283	S	5	614	137	BOW	008t	Akat Long Bow
284	284	B	3			BOW	008t	Dark Elven Long Bow
12413	284	A	4	570	133	BOW	008t	Dark Elven Long Bow
12414	284	S	5	614	137	BOW	008t	Dark Elven Long Bow
285	285	C	2			BOW	008t	Noble Elven Bow
12415	285	B	3	400	100	BOW	008t	Noble Elven Bow
12416	285	A	4	570	133	BOW	008t	Noble Elven Bow
12417	285	S	5	614	137	BOW	008t	Noble Elven Bow
286	286	C	2			BOW	008t	Eminence Bow
12418	286	B	3	400	100	BOW	008t	Eminence Bow
12419	286	A	4	570	133	BOW	008t	Eminence Bow
12420	286	S	5	614	137	BOW	008t	Eminence Bow
287	287	B	3			BOW	008t	Bow of Peril
12421	287	A	4	570	133	BOW	008t	Bow of Peril
12422	287	S	5	614	137	BOW	008t	Bow of Peril
288	288	A	4			BOW	008t	Carnage Bow
12423	288	S	5	614	137	BOW	008t	Carnage Bow
289	289	A	4			BOW	008t	Soul Bow
12424	289	S	5	614	137	BOW	008t	Soul Bow
291	291	D	1			POLE	002t	Trident
12425	291	C	2	156	83	POLE	002t	Trident
12426	291	B	3	194	99	POLE	002t	Trident
12427	291	A	4	258	121	POLE	002t	Trident
12428	291	S	5	297	137	POLE	002t	Trident
292	292	D	1			POLE	002t	Pike
12429	292	C	2	156	83	POLE	002t	Pike
12430	292	B	3	194	99	POLE	002t	Pike
12431	292	A	4	258	121	POLE	002t	Pike
12432	292	S	5	297	137	POLE	002t	Pike
293	293	D	1			POLE	002t	War Hammer
12433	293	C	2	156	83	POLE	002t	War Hammer
12434	293	B	3	194	99	POLE	002t	War Hammer
12435	293	A	4	258	121	POLE	002t	War Hammer
12436	293	S	5	297	137	POLE	002t	War Hammer
294	294	D	1			POLE	002t	War Pick
12437	294	C	2	156	83	POLE	002t	War Pick
12438	294	B	3	194	99	POLE	002t	War Pick
12439	294	A	4	258	121	POLE	002t	War Pick
12440	294	S	5	297	137	POLE	002t	War Pick
295	295	D	1			POLE	002t	Dwarven Trident
12441	295	C	2	156	83	POLE	002t	Dwarven Trident
12442	295	B	3	194	99	POLE	002t	Dwarven Trident
12443	295	A	4	258	121	POLE	002t	Dwarven Trident
12444	295	S	5	297	137	POLE	002t	Dwarven Trident
296	296	D	1			POLE	002t	Dwarven Pike
12445	296	C	2	156	83	POLE	002t	Dwarven Pike
12446	296	B	3	194	99	POLE	002t	Dwarven Pike
12447	296	A	4	258	121	POLE	002t	Dwarven Pike
12448	296	S	5	297	137	POLE	002t	Dwarven Pike
297	297	D	1			POLE	002t	Glaive
12449	297	C	2	156	83	POLE	002t	Glaive
12450	297	B	3	194	99	POLE	002t	Glaive
12451	297	A	4	258	121	POLE	002t	Glaive
12452	297	S	5	297	137	POLE	002t	Glaive
299	299	C	2			POLE	002t	Orcish Poleaxe
12453	299	B	3	194	99	POLE	002t	Orcish Poleaxe
12454	299	A	4	258	121	POLE	002t	Orcish Poleaxe
12455	299	S	5	297	137	POLE	002t	Orcish Poleaxe
300	300	B	3			POLE	002t	Great Axe
12456	300	A	4	258	121	POLE	002t	Great Axe
12457	300	S	5	297	137	POLE	002t	Great Axe
301	301	C	2			POLE	002t	Scorpion
12458	301	B	3	194	99	POLE	002t	Scorpion
12459	301	A	4	258	121	POLE	002t	Scorpion
12460	301	S	5	297	137	POLE	002t	Scorpion
302	302	C	2			POLE	002t	Body Slasher
12461	302	B	3	194	99	POLE	002t	Body Slasher
12462	302	A	4	258	121	POLE	002t	Body Slasher
12463	302	S	5	297	137	POLE	002t	Body Slasher
303	303	C	2			POLE	002t	Widow Maker
12464	303	B	3	194	99	POLE	002t	Widow Maker
12465	303	A	4	258	121	POLE	002t	Widow Maker
12466	303	S	5	297	137	POLE	002t	Widow Maker
304	304	A	4			POLE	002t	Orcish Halberd
12467	304	S	5	297	137	POLE	002t	Orcish Halberd
305	305	A	4			POLE	002t	Tallum Glaive
12468	305	S	5	297	137	POLE	002t	Tallum Glaive
306	306	S	5			POLE	002t	Dragon Claw Axe
308	308	NG	0			ETC_M	007t	Buffalo's Horn
309	309	NG	0			ETC_M	007t	Tears of Eva
311	311	NG	0			ETC_M	007t	Crucifix of Blessing
312	312	D	1			ETC_M	007t	Branch of Life
12469	312	C	2	125	111	ETC_M	007t	Branch of Life
12470	312	B	3	155	132	ETC_M	007t	Branch of Life
12471	312	A	4	202	161	ETC_M	007t	Branch of Life
12472	312	S	5	238	182	ETC_M	007t	Branch of Life
313	313	D	1			ETC_M	007t	Temptation of Abyss
12473	313	C	2	125	111	ETC_M	007t	Temptation of Abyss
12474	313	B	3	155	132	ETC_M	007t	Temptation of Abyss
12475	313	A	4	202	161	ETC_M	007t	Temptation of Abyss
12476	313	S	5	238	182	ETC_M	007t	Temptation of Abyss
314	314	D	1			ETC_M	007t	Proof of Revenge
12477	314	C	2	125	111	ETC_M	007t	Proof of Revenge
12478	314	B	3	155	132	ETC_M	007t	Proof of Revenge
12479	314	A	4	202	161	ETC_M	007t	Proof of Revenge
12480	314	S	5	238	182	ETC_M	007t	Proof of Revenge
315	315	D	1			ETC_M	007t	Divine Tome
12481	315	C	2	125	111	ETC_M	007t	Divine Tome
12482	315	B	3	155	132	ETC_M	007t	Divine Tome
12483	315	A	4	202	161	ETC_M	007t	Divine Tome
12484	315	S	5	238	182	ETC_M	007t	Divine Tome
316	316	D	1			ETC_M	007t	Blood of Saints
12485	316	C	2	125	111	ETC_M	007t	Blood of Saints
12486	316	B	3	155	132	ETC_M	007t	Blood of Saints
12487	316	A	4	202	161	ETC_M	007t	Blood of Saints
12488	316	S	5	238	182	ETC_M	007t	Blood of Saints
317	317	D	1			ETC_M	007t	Tome of Blood
12489	317	C	2	125	111	ETC_M	007t	Tome of Blood
12490	317	B	3	155	132	ETC_M	007t	Tome of Blood
12491	317	A	4	202	161	ETC_M	007t	Tome of Blood
12492	317	S	5	238	182	ETC_M	007t	Tome of Blood
318	318	D	1			ETC_M	007t	Crucifix of Blood
12493	318	C	2	125	111	ETC_M	007t	Crucifix of Blood
12494	318	B	3	155	132	ETC_M	007t	Crucifix of Blood
12495	318	A	4	202	161	ETC_M	007t	Crucifix of Blood
12496	318	S	5	238	182	ETC_M	007t	Crucifix of Blood
319	319	D	1			ETC_M	007t	Eye of Infinity
12497	319	C	2	125	111	ETC_M	007t	Eye of Infinity
12498	319	B	3	155	132	ETC_M	007t	Eye of Infinity
12499	319	A	4	202	161	ETC_M	007t	Eye of Infinity
12500	319	S	5	238	182	ETC_M	007t	Eye of Infinity
321	321	D	1			ETC_M	007t	Demon Fangs
12501	321	C	2	125	111	ETC_M	007t	Demon Fangs
12502	321	B	3	155	132	ETC_M	007t	Demon Fangs
12503	321	A	4	202	161	ETC_M	007t	Demon Fangs
12504	321	S	5	238	182	ETC_M	007t	Demon Fangs
325	325	C	2			ETC_M	007t	Horn of Glory
12505	325	B	3	155	132	ETC_M	007t	Horn of Glory
12506	325	A	4	202	161	ETC_M	007t	Horn of Glory
12507	325	S	5	238	182	ETC_M	007t	Horn of Glory
326	326	C	2			ETC_M	007t	Heathen's Book
12508	326	B	3	155	132	ETC_M	007t	Heathen's Book
12509	326	A	4	202	161	ETC_M	007t	Heathen's Book
12510	326	S	5	238	182	ETC_M	007t	Heathen's Book
946	946	NG	0			DAGGER_P	002t	Skeleton Dagger
1333	1333	NG	0			BIGSWORD	004t	Brandish
1376	1376	D	1			POLE	002t	Guard Spear
12511	1376	C	2	156	83	POLE	002t	Guard Spear
12512	1376	B	3	194	99	POLE	002t	Guard Spear
12513	1376	A	4	258	121	POLE	002t	Guard Spear
12514	1376	S	5	297	137	POLE	002t	Guard Spear
2368	2368	NG	0			DUALFIST	001t	Training Gloves
2369	2369	NG	0			SWORD_P	004t	Squire's Sword
2499	2499	D	1			SWORD_P	004t	Elven Long Sword
12515	2499	C	2	156	83	SWORD_P	004t	Elven Long Sword
12516	2499	B	3	194	99	SWORD_P	004t	Elven Long Sword
12517	2499	A	4	258	121	SWORD_P	004t	Elven Long Sword
12518	2499	S	5	297	137	SWORD_P	004t	Elven Long Sword
2500	2500	A	4			SWORD_P	004t	Dark Legion's Edge
12519	2500	S	5	297	137	SWORD_P	004t	Dark Legion's Edge
2502	2502	C	2			BLUNT_P	007t	Dwarven War Hammer
12520	2502	B	3	194	99	BLUNT_P	007t	Dwarven War Hammer
12521	2502	A	4	258	121	BLUNT_P	007t	Dwarven War Hammer
12522	2502	S	5	297	137	BLUNT_P	007t	Dwarven War Hammer
2503	2503	C	2			BLUNT_P	007t	Yaksa Mace
12523	2503	B	3	194	99	BLUNT_P	007t	Yaksa Mace
12524	2503	A	4	258	121	BLUNT_P	007t	Yaksa Mace
12525	2503	S	5	297	137	BLUNT_P	007t	Yaksa Mace
2504	2504	A	4			BLUNT_P	007t	Meteor Shower
12526	2504	S	5	297	137	BLUNT_P	007t	Meteor Shower
2525	2525	D	1			DUAL	006t	Bastard Sword*Bastard Sword
12527	2525	C	2	190	83	DUAL	006t	Bastard Sword*Bastard Sword
12528	2525	B	3	236	99	DUAL	006t	Bastard Sword*Bastard Sword
12529	2525	A	4	305	121	DUAL	006t	Bastard Sword*Bastard Sword
12530	2525	S	5	361	137	DUAL	006t	Bastard Sword*Bastard Sword
2526	2526	D	1			DUAL	006t	Bastard Sword*Spinebone Sword
12531	2526	C	2	190	83	DUAL	006t	Bastard Sword*Spinebone Sword
12532	2526	B	3	236	99	DUAL	006t	Bastard Sword*Spinebone Sword
12533	2526	A	4	305	121	DUAL	006t	Bastard Sword*Spinebone Sword
12534	2526	S	5	361	137	DUAL	006t	Bastard Sword*Spinebone Sword
2527	2527	D	1			DUAL	006t	Bastard Sword*Artisan's Sword
12535	2527	C	2	190	83	DUAL	006t	Bastard Sword*Artisan's Sword
12536	2527	B	3	236	99	DUAL	006t	Bastard Sword*Artisan's Sword
12537	2527	A	4	305	121	DUAL	006t	Bastard Sword*Artisan's Sword
12538	2527	S	5	361	137	DUAL	006t	Bastard Sword*Artisan's Sword
2528	2528	D	1			DUAL	006t	Bastard Sword*Knight's Sword
12539	2528	C	2	190	83	DUAL	006t	Bastard Sword*Knight's Sword
12540	2528	B	3	236	99	DUAL	006t	Bastard Sword*Knight's Sword
12541	2528	A	4	305	121	DUAL	006t	Bastard Sword*Knight's Sword
12542	2528	S	5	361	137	DUAL	006t	Bastard Sword*Knight's Sword
2530	2530	D	1			DUAL	006t	Bastard Sword*Elven Sword
12543	2530	C	2	190	83	DUAL	006t	Bastard Sword*Elven Sword
12544	2530	B	3	236	99	DUAL	006t	Bastard Sword*Elven Sword
12545	2530	A	4	305	121	DUAL	006t	Bastard Sword*Elven Sword
12546	2530	S	5	361	137	DUAL	006t	Bastard Sword*Elven Sword
2531	2531	C	2			DUAL	006t	Bastard Sword*Sword of Revolution
12547	2531	B	3	236	99	DUAL	006t	Bastard Sword*Sword of Revolution
12548	2531	A	4	305	121	DUAL	006t	Bastard Sword*Sword of Revolution
12549	2531	S	5	361	137	DUAL	006t	Bastard Sword*Sword of Revolution
2532	2532	C	2			DUAL	006t	Bastard Sword*Elven Long Sword
12550	2532	B	3	236	99	DUAL	006t	Bastard Sword*Elven Long Sword
12551	2532	A	4	305	121	DUAL	006t	Bastard Sword*Elven Long Sword
12552	2532	S	5	361	137	DUAL	006t	Bastard Sword*Elven Long Sword
2533	2533	D	1			DUAL	006t	Spinebone Sword*Spinebone Sword
12553	2533	C	2	190	83	DUAL	006t	Spinebone Sword*Spinebone Sword
12554	2533	B	3	236	99	DUAL	006t	Spinebone Sword*Spinebone Sword
12555	2533	A	4	305	121	DUAL	006t	Spinebone Sword*Spinebone Sword
12556	2533	S	5	361	137	DUAL	006t	Spinebone Sword*Spinebone Sword
2534	2534	D	1			DUAL	006t	Spinebone Sword*Artisan's Sword
12557	2534	C	2	190	83	DUAL	006t	Spinebone Sword*Artisan's Sword
12558	2534	B	3	236	99	DUAL	006t	Spinebone Sword*Artisan's Sword
12559	2534	A	4	305	121	DUAL	006t	Spinebone Sword*Artisan's Sword
12560	2534	S	5	361	137	DUAL	006t	Spinebone Sword*Artisan's Sword
2535	2535	D	1			DUAL	006t	Spinebone Sword*Knight's Sword
12561	2535	C	2	190	83	DUAL	006t	Spinebone Sword*Knight's Sword
12562	2535	B	3	236	99	DUAL	006t	Spinebone Sword*Knight's Sword
12563	2535	A	4	305	121	DUAL	006t	Spinebone Sword*Knight's Sword
12564	2535	S	5	361	137	DUAL	006t	Spinebone Sword*Knight's Sword
2537	2537	D	1			DUAL	006t	Spinebone Sword*Elven Sword
12565	2537	C	2	190	83	DUAL	006t	Spinebone Sword*Elven Sword
12566	2537	B	3	236	99	DUAL	006t	Spinebone Sword*Elven Sword
12567	2537	A	4	305	121	DUAL	006t	Spinebone Sword*Elven Sword
12568	2537	S	5	361	137	DUAL	006t	Spinebone Sword*Elven Sword
2538	2538	C	2			DUAL	006t	Spinebone Sword*Sword of Revolution
12569	2538	B	3	236	99	DUAL	006t	Spinebone Sword*Sword of Revolution
12570	2538	A	4	305	121	DUAL	006t	Spinebone Sword*Sword of Revolution
12571	2538	S	5	361	137	DUAL	006t	Spinebone Sword*Sword of Revolution
2539	2539	C	2			DUAL	006t	Spinebone Sword*Elven Long Sword
12572	2539	B	3	236	99	DUAL	006t	Spinebone Sword*Elven Long Sword
12573	2539	A	4	305	121	DUAL	006t	Spinebone Sword*Elven Long Sword
12574	2539	S	5	361	137	DUAL	006t	Spinebone Sword*Elven Long Sword
2540	2540	D	1			DUAL	006t	Artisan's Sword*Artisan's Sword
12575	2540	C	2	190	83	DUAL	006t	Artisan's Sword*Artisan's Sword
12576	2540	B	3	236	99	DUAL	006t	Artisan's Sword*Artisan's Sword
12577	2540	A	4	305	121	DUAL	006t	Artisan's Sword*Artisan's Sword
12578	2540	S	5	361	137	DUAL	006t	Artisan's Sword*Artisan's Sword
2541	2541	D	1			DUAL	006t	Artisan's Sword*Knight's Sword
12579	2541	C	2	190	83	DUAL	006t	Artisan's Sword*Knight's Sword
12580	2541	B	3	236	99	DUAL	006t	Artisan's Sword*Knight's Sword
12581	2541	A	4	305	121	DUAL	006t	Artisan's Sword*Knight's Sword
12582	2541	S	5	361	137	DUAL	006t	Artisan's Sword*Knight's Sword
2543	2543	D	1			DUAL	006t	Artisan's Sword*Elven Sword
12583	2543	C	2	190	83	DUAL	006t	Artisan's Sword*Elven Sword
12584	2543	B	3	236	99	DUAL	006t	Artisan's Sword*Elven Sword
12585	2543	A	4	305	121	DUAL	006t	Artisan's Sword*Elven Sword
12586	2543	S	5	361	137	DUAL	006t	Artisan's Sword*Elven Sword
2544	2544	C	2			DUAL	006t	Artisan's Sword*Sword of Revolution
12587	2544	B	3	236	99	DUAL	006t	Artisan's Sword*Sword of Revolution
12588	2544	A	4	305	121	DUAL	006t	Artisan's Sword*Sword of Revolution
12589	2544	S	5	361	137	DUAL	006t	Artisan's Sword*Sword of Revolution
2545	2545	C	2			DUAL	006t	Artisan's Sword*Elven Long Sword
12590	2545	B	3	236	99	DUAL	006t	Artisan's Sword*Elven Long Sword
12591	2545	A	4	305	121	DUAL	006t	Artisan's Sword*Elven Long Sword
12592	2545	S	5	361	137	DUAL	006t	Artisan's Sword*Elven Long Sword
2546	2546	D	1			DUAL	006t	Knight's Sword*Knight's Sword
12593	2546	C	2	190	83	DUAL	006t	Knight's Sword*Knight's Sword
12594	2546	B	3	236	99	DUAL	006t	Knight's Sword*Knight's Sword
12595	2546	A	4	305	121	DUAL	006t	Knight's Sword*Knight's Sword
12596	2546	S	5	361	137	DUAL	006t	Knight's Sword*Knight's Sword
2548	2548	D	1			DUAL	006t	Knight's Sword*Elven Sword
12597	2548	C	2	190	83	DUAL	006t	Knight's Sword*Elven Sword
12598	2548	B	3	236	99	DUAL	006t	Knight's Sword*Elven Sword
12599	2548	A	4	305	121	DUAL	006t	Knight's Sword*Elven Sword
12600	2548	S	5	361	137	DUAL	006t	Knight's Sword*Elven Sword
2549	2549	C	2			DUAL	006t	Knight's Sword*Sword of Revolution
12601	2549	B	3	236	99	DUAL	006t	Knight's Sword*Sword of Revolution
12602	2549	A	4	305	121	DUAL	006t	Knight's Sword*Sword of Revolution
12603	2549	S	5	361	137	DUAL	006t	Knight's Sword*Sword of Revolution
2550	2550	C	2			DUAL	006t	Knight's Sword*Elven Long Sword
12604	2550	B	3	236	99	DUAL	006t	Knight's Sword*Elven Long Sword
12605	2550	A	4	305	121	DUAL	006t	Knight's Sword*Elven Long Sword
12606	2550	S	5	361	137	DUAL	006t	Knight's Sword*Elven Long Sword
2555	2555	C	2			DUAL	006t	Elven Sword*Elven Sword
12607	2555	B	3	236	99	DUAL	006t	Elven Sword*Elven Sword
12608	2555	A	4	305	121	DUAL	006t	Elven Sword*Elven Sword
12609	2555	S	5	361	137	DUAL	006t	Elven Sword*Elven Sword
2556	2556	C	2			DUAL	006t	Elven Sword*Sword of Revolution
12610	2556	B	3	236	99	DUAL	006t	Elven Sword*Sword of Revolution
12611	2556	A	4	305	121	DUAL	006t	Elven Sword*Sword of Revolution
12612	2556	S	5	361	137	DUAL	006t	Elven Sword*Sword of Revolution
2557	2557	C	2			DUAL	006t	Elven Sword*Elven Long Sword
12613	2557	B	3	236	99	DUAL	006t	Elven Sword*Elven Long Sword
12614	2557	A	4	305	121	DUAL	006t	Elven Sword*Elven Long Sword
12615	2557	S	5	361	137	DUAL	006t	Elven Sword*Elven Long Sword
2558	2558	C	2			DUAL	006t	Sword of Revolution*Sword of Revolution
12616	2558	B	3	236	99	DUAL	006t	Sword of Revolution*Sword of Revolution
12617	2558	A	4	305	121	DUAL	006t	Sword of Revolution*Sword of Revolution
12618	2558	S	5	361	137	DUAL	006t	Sword of Revolution*Sword of Revolution
2559	2559	C	2			DUAL	006t	Sword of Revolution*Elven Long Sword
12619	2559	B	3	236	99	DUAL	006t	Sword of Revolution*Elven Long Sword
12620	2559	A	4	305	121	DUAL	006t	Sword of Revolution*Elven Long Sword
12621	2559	S	5	361	137	DUAL	006t	Sword of Revolution*Elven Long Sword
2560	2560	C	2			DUAL	006t	Elven Long Sword*Elven Long Sword
12622	2560	B	3	236	99	DUAL	006t	Elven Long Sword*Elven Long Sword
12623	2560	A	4	305	121	DUAL	006t	Elven Long Sword*Elven Long Sword
12624	2560	S	5	361	137	DUAL	006t	Elven Long Sword*Elven Long Sword
2561	2561	C	2			DUAL	006t	Stormbringer*Stormbringer
12625	2561	B	3	236	99	DUAL	006t	Stormbringer*Stormbringer
12626	2561	A	4	305	121	DUAL	006t	Stormbringer*Stormbringer
12627	2561	S	5	361	137	DUAL	006t	Stormbringer*Stormbringer
2564	2564	C	2			DUAL	006t	Stormbringer*Spirit Sword
12628	2564	B	3	236	99	DUAL	006t	Stormbringer*Spirit Sword
12629	2564	A	4	305	121	DUAL	006t	Stormbringer*Spirit Sword
12630	2564	S	5	361	137	DUAL	006t	Stormbringer*Spirit Sword
2565	2565	C	2			DUAL	006t	Stormbringer*Raid Sword
12631	2565	B	3	236	99	DUAL	006t	Stormbringer*Raid Sword
12632	2565	A	4	305	121	DUAL	006t	Stormbringer*Raid Sword
12633	2565	S	5	361	137	DUAL	006t	Stormbringer*Raid Sword
2566	2566	B	3			DUAL	006t	Stormbringer*Caliburs
12634	2566	A	4	305	121	DUAL	006t	Stormbringer*Caliburs
12635	2566	S	5	361	137	DUAL	006t	Stormbringer*Caliburs
2567	2567	B	3			DUAL	006t	Stormbringer*Sword of Limit
12636	2567	A	4	305	121	DUAL	006t	Stormbringer*Sword of Limit
12637	2567	S	5	361	137	DUAL	006t	Stormbringer*Sword of Limit
2569	2569	B	3			DUAL	006t	Stormbringer*Sword of Nightmare
12638	2569	A	4	305	121	DUAL	006t	Stormbringer*Sword of Nightmare
12639	2569	S	5	361	137	DUAL	006t	Stormbringer*Sword of Nightmare
2570	2570	B	3			DUAL	006t	Stormbringer*Tsurugi
12640	2570	A	4	305	121	DUAL	006t	Stormbringer*Tsurugi
12641	2570	S	5	361	137	DUAL	006t	Stormbringer*Tsurugi
2571	2571	B	3			DUAL	006t	Stormbringer*Samurai Long sword
12642	2571	A	4	305	121	DUAL	006t	Stormbringer*Samurai Long sword
12643	2571	S	5	361	137	DUAL	006t	Stormbringer*Samurai Long sword
2591	2591	C	2			DUAL	006t	Spirit Sword*Spirit Sword
12644	2591	B	3	236	99	DUAL	006t	Spirit Sword*Spirit Sword
12645	2591	A	4	305	121	DUAL	006t	Spirit Sword*Spirit Sword
12646	2591	S	5	361	137	DUAL	006t	Spirit Sword*Spirit Sword
2592	2592	C	2			DUAL	006t	Spirit Sword*Raid Sword
12647	2592	B	3	236	99	DUAL	006t	Spirit Sword*Raid Sword
12648	2592	A	4	305	121	DUAL	006t	Spirit Sword*Raid Sword
12649	2592	S	5	361	137	DUAL	006t	Spirit Sword*Raid Sword
2593	2593	B	3			DUAL	006t	Spirit Sword*Caliburs
12650	2593	A	4	305	121	DUAL	006t	Spirit Sword*Caliburs
12651	2593	S	5	361	137	DUAL	006t	Spirit Sword*Caliburs
2594	2594	B	3			DUAL	006t	Spirit Sword*Sword of Limit
12652	2594	A	4	305	121	DUAL	006t	Spirit Sword*Sword of Limit
12653	2594	S	5	361	137	DUAL	006t	Spirit Sword*Sword of Limit
2596	2596	B	3			DUAL	006t	Spirit Sword*Sword of Nightmare
12654	2596	A	4	305	121	DUAL	006t	Spirit Sword*Sword of Nightmare
12655	2596	S	5	361	137	DUAL	006t	Spirit Sword*Sword of Nightmare
2597	2597	B	3			DUAL	006t	Spirit Sword*Tsurugi
12656	2597	A	4	305	121	DUAL	006t	Spirit Sword*Tsurugi
12657	2597	S	5	361	137	DUAL	006t	Spirit Sword*Tsurugi
2598	2598	B	3			DUAL	006t	Spirit Sword*Samurai Long Sword
12658	2598	A	4	305	121	DUAL	006t	Spirit Sword*Samurai Long Sword
12659	2598	S	5	361	137	DUAL	006t	Spirit Sword*Samurai Long Sword
2599	2599	C	2			DUAL	006t	Raid Sword*Raid Sword
12660	2599	B	3	236	99	DUAL	006t	Raid Sword*Raid Sword
12661	2599	A	4	305	121	DUAL	006t	Raid Sword*Raid Sword
12662	2599	S	5	361	137	DUAL	006t	Raid Sword*Raid Sword
2600	2600	B	3			DUAL	006t	Raid Sword*Caliburs
12663	2600	A	4	305	121	DUAL	006t	Raid Sword*Caliburs
12664	2600	S	5	361	137	DUAL	006t	Raid Sword*Caliburs
2601	2601	B	3			DUAL	006t	Raid Sword*Sword of Limit
12665	2601	A	4	305	121	DUAL	006t	Raid Sword*Sword of Limit
12666	2601	S	5	361	137	DUAL	006t	Raid Sword*Sword of Limit
2603	2603	B	3			DUAL	006t	Raid Sword*Sword of Nightmare
12667	2603	A	4	305	121	DUAL	006t	Raid Sword*Sword of Nightmare
12668	2603	S	5	361	137	DUAL	006t	Raid Sword*Sword of Nightmare
2604	2604	B	3			DUAL	006t	Raid Sword*Tsurugi
12669	2604	A	4	305	121	DUAL	006t	Raid Sword*Tsurugi
12670	2604	S	5	361	137	DUAL	006t	Raid Sword*Tsurugi
2605	2605	B	3			DUAL	006t	Raid Sword*Samurai Long Sword
12671	2605	A	4	305	121	DUAL	006t	Raid Sword*Samurai Long Sword
12672	2605	S	5	361	137	DUAL	006t	Raid Sword*Samurai Long Sword
2606	2606	B	3			DUAL	006t	Caliburs*Caliburs
12673	2606	A	4	305	121	DUAL	006t	Caliburs*Caliburs
12674	2606	S	5	361	137	DUAL	006t	Caliburs*Caliburs
2607	2607	B	3			DUAL	006t	Caliburs*Sword of Limit
12675	2607	A	4	305	121	DUAL	006t	Caliburs*Sword of Limit
12676	2607	S	5	361	137	DUAL	006t	Caliburs*Sword of Limit
2609	2609	B	3			DUAL	006t	Caliburs*Sword of Nightmare
12677	2609	A	4	305	121	DUAL	006t	Caliburs*Sword of Nightmare
12678	2609	S	5	361	137	DUAL	006t	Caliburs*Sword of Nightmare
2610	2610	B	3			DUAL	006t	Caliburs*Tsurugi
12679	2610	A	4	305	121	DUAL	006t	Caliburs*Tsurugi
12680	2610	S	5	361	137	DUAL	006t	Caliburs*Tsurugi
2611	2611	B	3			DUAL	006t	Caliburs*Samurai Long Sword
12681	2611	A	4	305	121	DUAL	006t	Caliburs*Samurai Long Sword
12682	2611	S	5	361	137	DUAL	006t	Caliburs*Samurai Long Sword
2612	2612	B	3			DUAL	006t	Sword of Limit*Sword of Limit
12683	2612	A	4	305	121	DUAL	006t	Sword of Limit*Sword of Limit
12684	2612	S	5	361	137	DUAL	006t	Sword of Limit*Sword of Limit
2614	2614	B	3			DUAL	006t	Sword of Limit*Sword of Nightmare
12685	2614	A	4	305	121	DUAL	006t	Sword of Limit*Sword of Nightmare
12686	2614	S	5	361	137	DUAL	006t	Sword of Limit*Sword of Nightmare
2615	2615	B	3			DUAL	006t	Sword of Limit*Tsurugi
12687	2615	A	4	305	121	DUAL	006t	Sword of Limit*Tsurugi
12688	2615	S	5	361	137	DUAL	006t	Sword of Limit*Tsurugi
2616	2616	B	3			DUAL	006t	Sword of Limit*Samurai Long Sword
12689	2616	A	4	305	121	DUAL	006t	Sword of Limit*Samurai Long Sword
12690	2616	S	5	361	137	DUAL	006t	Sword of Limit*Samurai Long Sword
2621	2621	B	3			DUAL	006t	Sword of Nightmare*Sword of Nightmare
12691	2621	A	4	305	121	DUAL	006t	Sword of Nightmare*Sword of Nightmare
12692	2621	S	5	361	137	DUAL	006t	Sword of Nightmare*Sword of Nightmare
2622	2622	B	3			DUAL	006t	Sword of Nightmare*Tsurugi
12693	2622	A	4	305	121	DUAL	006t	Sword of Nightmare*Tsurugi
12694	2622	S	5	361	137	DUAL	006t	Sword of Nightmare*Tsurugi
2623	2623	B	3			DUAL	006t	Sword of Nightmare*Samurai Long Sword
12695	2623	A	4	305	121	DUAL	006t	Sword of Nightmare*Samurai Long Sword
12696	2623	S	5	361	137	DUAL	006t	Sword of Nightmare*Samurai Long Sword
2624	2624	B	3			DUAL	006t	Tsurugi*Tsurugi
12697	2624	A	4	305	121	DUAL	006t	Tsurugi*Tsurugi
12698	2624	S	5	361	137	DUAL	006t	Tsurugi*Tsurugi
2625	2625	B	3			DUAL	006t	Tsurugi*Samurai Long Sword
12699	2625	A	4	305	121	DUAL	006t	Tsurugi*Samurai Long Sword
12700	2625	S	5	361	137	DUAL	006t	Tsurugi*Samurai Long Sword
2626	2626	B	3			DUAL	006t	Samurai Long Sword*Samurai Long Sword
12701	2626	A	4	305	121	DUAL	006t	Samurai Long Sword*Samurai Long Sword
12702	2626	S	5	361	137	DUAL	006t	Samurai Long Sword*Samurai Long Sword
4027	4027	NG	0			SWORD_P	004t	Bouquet
4202	4202	NG	0			SWORD_P	004t	Chrono Cithara
4233	4233	C	2			DUALFIST	001t	Knuckle Duster
12703	4233	B	3	236	99	DUALFIST	001t	Knuckle Duster
12704	4233	A	4	305	121	DUALFIST	001t	Knuckle Duster
12705	4233	S	5	361	137	DUALFIST	001t	Knuckle Duster
5133	5133	NG	0			DUALFIST	001t	Chrono Unitus
5233	5233	A	4			DUAL	006t	Keshanberk*Keshanberk
12706	5233	S	5	361	137	DUAL	006t	Keshanberk*Keshanberk
5284	5284	NG	0			BIGSWORD	004t	Zweihander
5285	5285	D	1			BIGSWORD	004t	Heavy Sword
12707	5285	C	2	190	83	BIGSWORD	004t	Heavy Sword
12708	5285	B	3	236	99	BIGSWORD	004t	Heavy Sword
12709	5285	A	4	305	121	BIGSWORD	004t	Heavy Sword
12710	5285	S	5	361	137	BIGSWORD	004t	Heavy Sword
5286	5286	C	2			BIGSWORD	004t	Berserker Blade
12711	5286	B	3	236	99	BIGSWORD	004t	Berserker Blade
12712	5286	A	4	305	121	BIGSWORD	004t	Berserker Blade
12713	5286	S	5	361	137	BIGSWORD	004t	Berserker Blade
5705	5705	A	4			DUAL	006t	Keshanberk*Damascus
12714	5705	S	5	361	137	DUAL	006t	Keshanberk*Damascus
5706	5706	A	4			DUAL	006t	Damascus*Damascus
12715	5706	S	5	361	137	DUAL	006t	Damascus*Damascus
5817	5817	NG	0			POLE	002t	Chrono Campana
6364	6364	S	5			SWORD_P	004t	Forgotten Blade
6365	6365	S	5			BLUNT_P	007t	Basalt Battlehammer
6366	6366	S	5			BIGBLUNT_M	005t	Imperial Staff
6367	6367	S	5			DAGGER_P	002t	Angel Slayer
6368	6368	S	5			BOW	008t	Shining Bow
6369	6369	S	5			BIGBLUNT_P	005t	Dragon Hunter Axe
6370	6370	S	5			POLE	002t	Saint Spear
6371	6371	S	5			DUALFIST	001t	Demon Splinter
6372	6372	S	5			BIGSWORD	004t	Heaven's Divider
6579	6579	S	5			BLUNT_M	007t	Arcana Mace
6580	6580	S	5			DUAL	006t	Tallum Blade*Dark Legion's Edge
6611	6611	S	5			SWORD_P	004t	Infinity Blade
6612	6612	S	5			BIGSWORD	004t	Infinity Cleaver
6613	6613	S	5			BLUNT_P	007t	Infinity Axe
6614	6614	S	5			BLUNT_M	007t	Infinity Rod
6615	6615	S	5			BIGBLUNT_P	005t	Infinity Crusher
6616	6616	S	5			BIGBLUNT_M	005t	Infinity Scepter
6617	6617	S	5			DAGGER_P	002t	Infinity Stinger
6618	6618	S	5			DUALFIST	001t	Infinity Fang
6619	6619	S	5			BOW	008t	Infinity Bow
6620	6620	S	5			DUAL	006t	Infinity Wing
6621	6621	S	5			POLE	002t	Infinity Spear
7058	7058	NG	0			BIGBLUNT_P	005t	Chrono Darbuka
7575	7575	S	5			BOW	008t	Draconic Bow
7880	7880	D	1			BIGSWORD	004t	Steel Sword
12716	7880	C	2	190	83	BIGSWORD	004t	Steel Sword
12717	7880	B	3	236	99	BIGSWORD	004t	Steel Sword
12718	7880	A	4	305	121	BIGSWORD	004t	Steel Sword
12719	7880	S	5	361	137	BIGSWORD	004t	Steel Sword
7881	7881	D	1			BIGSWORD	004t	Titan Sword
12720	7881	C	2	190	83	BIGSWORD	004t	Titan Sword
12721	7881	B	3	236	99	BIGSWORD	004t	Titan Sword
12722	7881	A	4	305	121	BIGSWORD	004t	Titan Sword
12723	7881	S	5	361	137	BIGSWORD	004t	Titan Sword
7882	7882	C	2			BIGSWORD	004t	Pa'agrian Sword
12724	7882	B	3	236	99	BIGSWORD	004t	Pa'agrian Sword
12725	7882	A	4	305	121	BIGSWORD	004t	Pa'agrian Sword
12726	7882	S	5	361	137	BIGSWORD	004t	Pa'agrian Sword
7883	7883	B	3			BIGSWORD	004t	Guardian Sword
12727	7883	A	4	305	121	BIGSWORD	004t	Guardian Sword
12728	7883	S	5	361	137	BIGSWORD	004t	Guardian Sword
7884	7884	A	4			BIGSWORD	004t	Infernal Master
12729	7884	S	5	361	137	BIGSWORD	004t	Infernal Master
7885	7885	D	1			SWORD_M	004t	Priest Sword
12730	7885	C	2	125	111	SWORD_M	004t	Priest Sword
12731	7885	B	3	155	132	SWORD_M	004t	Priest Sword
12732	7885	A	4	202	161	SWORD_M	004t	Priest Sword
12733	7885	S	5	238	182	SWORD_M	004t	Priest Sword
7886	7886	D	1			SWORD_M	004t	Sword of Magic Fog
12734	7886	C	2	125	111	SWORD_M	004t	Sword of Magic Fog
12735	7886	B	3	155	132	SWORD_M	004t	Sword of Magic Fog
12736	7886	A	4	202	161	SWORD_M	004t	Sword of Magic Fog
12737	7886	S	5	238	182	SWORD_M	004t	Sword of Magic Fog
7888	7888	C	2			SWORD_M	004t	Ecliptic Sword
12738	7888	B	3	155	132	SWORD_M	004t	Ecliptic Sword
12739	7888	A	4	202	161	SWORD_M	004t	Ecliptic Sword
12740	7888	S	5	238	182	SWORD_M	004t	Ecliptic Sword
7889	7889	B	3			SWORD_M	004t	Wizard's Tear
12741	7889	A	4	202	161	SWORD_M	004t	Wizard's Tear
12742	7889	S	5	238	182	SWORD_M	004t	Wizard's Tear
7890	7890	D	1			BLUNT_M	007t	Priest Mace
12743	7890	C	2	125	111	BLUNT_M	007t	Priest Mace
12744	7890	B	3	155	132	BLUNT_M	007t	Priest Mace
12745	7890	A	4	202	161	BLUNT_M	007t	Priest Mace
12746	7890	S	5	238	182	BLUNT_M	007t	Priest Mace
7891	7891	C	2			BLUNT_M	007t	Ecliptic Axe
12747	7891	B	3	155	132	BLUNT_M	007t	Ecliptic Axe
12748	7891	A	4	202	161	BLUNT_M	007t	Ecliptic Axe
12749	7891	S	5	238	182	BLUNT_M	007t	Ecliptic Axe
7892	7892	B	3			BLUNT_M	007t	Spell Breaker
12750	7892	A	4	202	161	BLUNT_M	007t	Spell Breaker
12751	7892	S	5	238	182	BLUNT_M	007t	Spell Breaker
7893	7893	B	3			BLUNT_M	007t	Kaim Vanul's Bones
12752	7893	A	4	202	161	BLUNT_M	007t	Kaim Vanul's Bones
12753	7893	S	5	238	182	BLUNT_M	007t	Kaim Vanul's Bones
7894	7894	A	4			BLUNT_M	007t	Spiritual Eye
12754	7894	S	5	238	182	BLUNT_M	007t	Spiritual Eye
7895	7895	A	4			BLUNT_M	007t	Flaming Dragon Skull
12755	7895	S	5	238	182	BLUNT_M	007t	Flaming Dragon Skull
7896	7896	D	1			BIGBLUNT_P	005t	Titan Hammer
12756	7896	C	2	190	83	BIGBLUNT_P	005t	Titan Hammer
12757	7896	B	3	236	99	BIGBLUNT_P	005t	Titan Hammer
12758	7896	A	4	305	121	BIGBLUNT_P	005t	Titan Hammer
12759	7896	S	5	361	137	BIGBLUNT_P	005t	Titan Hammer
7897	7897	C	2			BIGBLUNT_P	005t	Dwarven Hammer
12760	7897	B	3	236	99	BIGBLUNT_P	005t	Dwarven Hammer
12761	7897	A	4	305	121	BIGBLUNT_P	005t	Dwarven Hammer
12762	7897	S	5	361	137	BIGBLUNT_P	005t	Dwarven Hammer
7898	7898	C	2			BIGBLUNT_P	005t	Karik Horn
12763	7898	B	3	236	99	BIGBLUNT_P	005t	Karik Horn
12764	7898	A	4	305	121	BIGBLUNT_P	005t	Karik Horn
12765	7898	S	5	361	137	BIGBLUNT_P	005t	Karik Horn
7899	7899	A	4			BIGBLUNT_P	005t	Destroyer Hammer
12766	7899	S	5	361	137	BIGBLUNT_P	005t	Destroyer Hammer
7900	7900	B	3			BIGBLUNT_P	005t	Ice Storm Hammer
12767	7900	A	4	305	121	BIGBLUNT_P	005t	Ice Storm Hammer
12768	7900	S	5	361	137	BIGBLUNT_P	005t	Ice Storm Hammer
7901	7901	B	3			BIGBLUNT_P	005t	Star Buster
12769	7901	A	4	305	121	BIGBLUNT_P	005t	Star Buster
12770	7901	S	5	361	137	BIGBLUNT_P	005t	Star Buster
7902	7902	A	4			BIGBLUNT_P	005t	Doom Crusher
12771	7902	S	5	361	137	BIGBLUNT_P	005t	Doom Crusher
8350	8350	NG	0			DUAL	006t	Chrono Maracas
8678	8678	A	4			SWORD_P	004t	Sirra's Blade
12772	8678	S	5	297	137	SWORD_P	004t	Sirra's Blade
8679	8679	A	4			BIGSWORD	004t	Sword of Ipos
12773	8679	S	5	361	137	BIGSWORD	004t	Sword of Ipos
8680	8680	A	4			BLUNT_P	007t	Barakiel's Axe
12774	8680	S	5	297	137	BLUNT_P	007t	Barakiel's Axe
8681	8681	A	4			BIGBLUNT_P	005t	Behemoth's Tuning Fork
12775	8681	S	5	361	137	BIGBLUNT_P	005t	Behemoth's Tuning Fork
8682	8682	A	4			DAGGER_P	002t	Naga Storm
12776	8682	S	5	260	137	DAGGER_P	002t	Naga Storm
8683	8683	A	4			POLE	002t	Tiphon's Spear
12777	8683	S	5	297	137	POLE	002t	Tiphon's Spear
8684	8684	A	4			BOW	008t	Shyeed's Bow
12778	8684	S	5	614	137	BOW	008t	Shyeed's Bow
8685	8685	A	4			DUALFIST	001t	Sobekk's Hurricane
12779	8685	S	5	361	137	DUALFIST	001t	Sobekk's Hurricane
8686	8686	A	4			SWORD_M	004t	Themis' Tongue
12780	8686	S	5	238	182	SWORD_M	004t	Themis' Tongue
8687	8687	A	4			BLUNT_M	007t	Cabrio's Hand
12781	8687	S	5	238	182	BLUNT_M	007t	Cabrio's Hand
8688	8688	A	4			BIGBLUNT_M	005t	Daimon Crystal
12782	8688	S	5	290	182	BIGBLUNT_M	005t	Daimon Crystal
8938	8938	A	4			DUAL	006t	Damascus * Tallum Blade
12783	8938	S	5	361	137	DUAL	006t	Damascus * Tallum Blade
9140	9140	NG	0			BOW	008t	Salvation Bow
