chest	members	bonus	extraId	extraDesc
21	21,10001,10000,10002,10003	Evasion +1.		
10005	10005,10006,10004,10007,10008	Evasion +2.		
10010	10010,10011,10009,10012,10013	Evasion +3.		
10015	10015,10016,10014,10017,10018	Evasion +3.		
10020	10020,10021,10019,10022,10023	Evasion +4.		
10025	10025,10026,10024,10027,10028	Evasion +5.		
22	22,10030,10029,10031,10032	P. Def. +1.8%, Casting Spd. +5.2%.		
10034	10034,10035,10033,10036,10037	P. Def. +2.6%, Casting Spd. +7.5%.		
10039	10039,10040,10038,10041,10042	P. Def. +3.6%, Casting Spd. +10.2%.		
10044	10044,10045,10043,10046,10047	P. Def. +4.4%, Casting Spd. +12.7%.		
10049	10049,10050,10048,10051,10052	P. Def. +5.2%, Casting Spd. +15%.		
10054	10054,10055,10053,10056,10057	P. Def. +6.2%, Casting Spd. +17.7%.		
23	23,10059,10058,10060,10061	P. Def. +2%, Max HP +41.		
10063	10063,10064,10062,10065,10066	P. Def. +2.9%, Max HP +59.		
10068	10068,10069,10067,10070,10071	P. Def. +3.9%, Max HP +80.		
10073	10073,10074,10072,10075,10076	P. Def. +4.9%, Max HP +100.		
10078	10078,10079,10077,10080,10081	P. Def. +5.7%, Max HP +117.		
10083	10083,10084,10082,10085,10086	P. Def. +6.7%, Max HP +138.		
24	24,10088,10087,10089,10090	Atk. Spd. +1.4%, P. Atk. +1.4%, STR +1, CON -1.		
10092	10092,10093,10091,10094,10095	Atk. Spd. +2%, P. Atk. +2%, STR +1, CON -1.		
10097	10097,10098,10096,10099,10100	Atk. Spd. +2.7%, P. Atk. +2.7%, STR +1, CON -1.		
10102	10102,10103,10101,10104,10105	Atk. Spd. +3.4%, P. Atk. +3.4%, STR +1, CON -1.		
10107	10107,10108,10106,10109,10110	Atk. Spd. +4%, P. Atk. +4%, STR +1, CON -1.		
10112	10112,10113,10111,10114,10115	Atk. Spd. +4.7%, P. Atk. +4.7%, STR +1, CON -1.		
25	25,10117,10116,10118,10119	P. Def. +1.8%, Max HP +103.		
10121	10121,10122,10120,10123,10124	P. Def. +2.6%, Max HP +147.		
10126	10126,10127,10125,10128,10129	P. Def. +3.6%, Max HP +200.		
10131	10131,10132,10130,10133,10134	P. Def. +4.4%, Max HP +250.		
10136	10136,10137,10135,10138,10139	P. Def. +5.2%, Max HP +294.		
10141	10141,10142,10140,10143,10144	P. Def. +6.2%, Max HP +347.		
26	26,10146,10145,10147,10148	Max HP +112, Breath +70, STR -3, CON +3.		
10150	10150,10151,10149,10152,10153	Max HP +160, Breath +100, STR -3, CON +3.		
10155	10155,10156,10154,10157,10158	Max HP +218, Breath +136, STR -3, CON +3.		
10160	10160,10161,10159,10162,10163	Max HP +272, Breath +170, STR -3, CON +3.		
10165	10165,10166,10164,10167,10168	Max HP +320, Breath +200, STR -3, CON +3.		
10170	10170,10171,10169,10172,10173	Max HP +378, Breath +236, STR -3, CON +3.		
27	27,10175,10174,10176,10177	P. Atk. +2.8%, Max MP +84, Weight limit +2016.		
10179	10179,10180,10178,10181,10182	P. Atk. +4%, Max MP +120, Weight limit +2880.		
10184	10184,10185,10183,10186,10187	P. Atk. +5.4%, Max MP +163, Weight limit +3916.		
10189	10189,10190,10188,10191,10192	P. Atk. +6.8%, Max MP +204, Weight limit +4895.		
10194	10194,10195,10193,10196,10197	P. Atk. +8%, Max MP +240, Weight limit +5759.		
10199	10199,10200,10198,10201,10202	P. Atk. +9.4%, Max MP +283, Weight limit +6796.		
60	60,10203,10204,10205	Weight limit +5795.	107	M. Def. +5.3%.
10207	10207,10206,10208,10209	Weight limit +7244.	107	M. Def. +5.3%.
10211	10211,10210,10212,10213	Weight limit +8522.	107	M. Def. +5.3%.
10215	10215,10214,10216,10217	Weight limit +10056.	107	M. Def. +5.3%.
347	347,10219,10218,10220,10221	Speed +4, HP regeneration +2.6%, STR +3, CON -1, DEX -2.		
10223	10223,10224,10222,10225,10226	Speed +5, HP regeneration +3.6%, STR +3, CON -1, DEX -2.		
10228	10228,10229,10227,10230,10231	Speed +6, HP regeneration +4.5%, STR +3, CON -1, DEX -2.		
10233	10233,10234,10232,10235,10236	Speed +7, HP regeneration +5.3%, STR +3, CON -1, DEX -2.		
10238	10238,10239,10237,10240,10241	Speed +8, HP regeneration +6.2%, STR +3, CON -1, DEX -2.		
348	348,10243,10242,10244,10245	P. Atk. +2%, Accuracy +2, Stun resistance +25%, STR +2, CON -2.		
10247	10247,10248,10246,10249,10250	P. Atk. +2.7%, Accuracy +2, Stun resistance +34%, STR +2, CON -2.		
10252	10252,10253,10251,10254,10255	P. Atk. +3.4%, Accuracy +3, Stun resistance +42%, STR +2, CON -2.		
10257	10257,10258,10256,10259,10260	P. Atk. +4%, Accuracy +3, Stun resistance +50%, STR +2, CON -2.		
10262	10262,10263,10261,10264,10265	P. Atk. +4.7%, Accuracy +4, Stun resistance +59%, STR +2, CON -2.		
349	349,10267,10266,10268,10269	Atk. Spd. +4%, Weight limit +2880, Poison resistance +40%, STR +2, CON -2.		
10271	10271,10272,10270,10273,10274	Atk. Spd. +5.4%, Weight limit +3916, Poison resistance +54%, STR +2, CON -2.		
10276	10276,10277,10275,10278,10279	Atk. Spd. +6.8%, Weight limit +4895, Poison resistance +68%, STR +2, CON -2.		
10281	10281,10282,10280,10283,10284	Atk. Spd. +8%, Weight limit +5759, Poison resistance +80%, STR +2, CON -2.		
10286	10286,10287,10285,10288,10289	Atk. Spd. +9.4%, Weight limit +6796, Poison resistance +94%, STR +2, CON -2.		
350	350,10291,10290,10292,10293	P. Def. +4%, Max HP +222.		
10295	10295,10296,10294,10297,10298	P. Def. +5.4%, Max HP +303.		
10300	10300,10301,10299,10302,10303	P. Def. +6.8%, Max HP +378.		
10305	10305,10306,10304,10307,10308	P. Def. +8%, Max HP +445.		
10310	10310,10311,10309,10312,10313	P. Def. +9.4%, Max HP +525.		
351	351,10315,10314,10316,10317	Max CP +116, CP regeneration +20%.		
10319	10319,10320,10318,10321,10322	Max CP +158, CP regeneration +27.2%.		
10324	10324,10325,10323,10326,10327	Max CP +197, CP regeneration +34%.		
10329	10329,10330,10328,10331,10332	Max CP +232, CP regeneration +40%.		
10334	10334,10335,10333,10336,10337	Max CP +274, CP regeneration +47.2%.		
352	352,10339,10338,10340,10341	P. Def. +5%, Max HP +153.	2493	Max HP +20.
10343	10343,10344,10342,10345,10346	P. Def. +6.8%, Max HP +208.	2493	Max HP +20.
10348	10348,10349,10347,10350,10351	P. Def. +8.5%, Max HP +260.	2493	Max HP +20.
10353	10353,10354,10352,10355,10356	P. Def. +10%, Max HP +306.	2493	Max HP +20.
10358	10358,10359,10357,10360,10361	P. Def. +11.8%, Max HP +361.	2493	Max HP +20.
353	353,10363,10362,10364,10365	HP recovery +2%, Paralysis resistance +25%, STR -2, CON +2.		
10367	10367,10368,10366,10369,10370	HP recovery +2.7%, Paralysis resistance +34%, STR -2, CON +2.		
10372	10372,10373,10371,10374,10375	HP recovery +3.4%, Paralysis resistance +42%, STR -2, CON +2.		
10377	10377,10378,10376,10379,10380	HP recovery +4%, Paralysis resistance +50%, STR -2, CON +2.		
10382	10382,10383,10381,10384,10385	HP recovery +4.7%, Paralysis resistance +59%, STR -2, CON +2.		
354	354,10387,10386,10388,10389	Dagger resistance -5.2%.	2495	Max HP +198.
10391	10391,10392,10390,10393,10394	Dagger resistance -6.6%.	2495	Max HP +198.
10396	10396,10397,10395,10398,10399	Dagger resistance -7.7%.	2495	Max HP +198.
10401	10401,10402,10400,10403,10404	Dagger resistance -9.1%.	2495	Max HP +198.
355	355,10406,10405,10407,10408	P. Def. +3.6%, Max HP +200.		
10410	10410,10411,10409,10412,10413	P. Def. +4.4%, Max HP +250.		
10415	10415,10416,10414,10417,10418	P. Def. +5.2%, Max HP +294.		
10420	10420,10421,10419,10422,10423	P. Def. +6.2%, Max HP +347.		
356	356,10424,10425,10426	Max HP +270.	2497	rShld +5.2%.
10428	10428,10427,10429,10430	Max HP +337.	2497	rShld +5.2%.
10432	10432,10431,10433,10434	Max HP +397.	2497	rShld +5.2%.
10436	10436,10435,10437,10438	Max HP +469.	2497	rShld +5.2%.
357	357,10440,10439,10441,10442	P. Def. +5.2%, Max HP +294.		
10444	10444,10445,10443,10446,10447	P. Def. +6.2%, Max HP +346.		
10449	10449,10450,10448,10451,10452	P. Def. +7.3%, Max HP +408.		
358	358,10454,10453,10455,10456	Speed +7, HP regeneration +5.3%, STR +3, CON -1, DEX -2.		
10458	10458,10459,10457,10460,10461	Speed +8, HP regeneration +6.2%, STR +3, CON -1, DEX -2.		
10463	10463,10464,10462,10465,10466	Speed +10, HP regeneration +7.3%, STR +3, CON -1, DEX -2.		
359	359,10467,10468,10469	Max HP +272, Breath +170, STR -3, CON +3.		
10471	10471,10470,10472,10473	Max HP +320, Breath +200, STR -3, CON +3.		
10475	10475,10474,10476,10477	Max HP +378, Breath +236, STR -3, CON +3.		
360	360,10479,10478,10480,10481	Speed +6, HP regeneration +4.5%, STR +3, CON -1, DEX -2.		
10483	10483,10484,10482,10485,10486	Speed +7, HP regeneration +5.3%, STR +3, CON -1, DEX -2.		
10488	10488,10489,10487,10490,10491	Speed +8, HP regeneration +6.2%, STR +3, CON -1, DEX -2.		
361	361,10493,10492,10494,10495	P. Atk. +3.4%, Accuracy +3, Stun resistance +42%, STR +2, CON -2.		
10497	10497,10498,10496,10499,10500	P. Atk. +4%, Accuracy +3, Stun resistance +50%, STR +2, CON -2.		
10502	10502,10503,10501,10504,10505	P. Atk. +4.7%, Accuracy +4, Stun resistance +59%, STR +2, CON -2.		
362	362,10506,10507,10508	Atk. Spd. +6.8%, Weight limit +4895, Poison resistance +68%, STR +2, CON -2.		
10510	10510,10509,10511,10512	Atk. Spd. +8%, Weight limit +5759, Poison resistance +80%, STR +2, CON -2.		
10514	10514,10513,10515,10516	Atk. Spd. +9.4%, Weight limit +6796, Poison resistance +94%, STR +2, CON -2.		
363	363,10517,10518,10519	P. Def. +6.8%, Max HP +378.		
10521	10521,10520,10522,10523	P. Def. +8%, Max HP +445.		
10525	10525,10524,10526,10527	P. Def. +9.4%, Max HP +525.		
364	364,10529,10528,10530,10531	Max CP +197, CP regeneration +34%.		
10533	10533,10534,10532,10535,10536	Max CP +232, CP regeneration +40%.		
10538	10538,10539,10537,10540,10541	Max CP +274, CP regeneration +47.2%.		
365	365,10543,10542,10544,10545	HP recovery +4%, Paralysis resistance +50%, STR -2, CON +2.	641	rShld +18%.
10547	10547,10548,10546,10549,10550	HP recovery +4.7%, Paralysis resistance +59%, STR -2, CON +2.	641	rShld +18%.
366	366,10551,10552,10553	HP recovery +3.4%, Paralysis resistance +42%, STR -2, CON +2.		
10555	10555,10554,10556,10557	HP recovery +4%, Paralysis resistance +50%, STR -2, CON +2.		
10559	10559,10558,10560,10561	HP recovery +4.7%, Paralysis resistance +59%, STR -2, CON +2.		
367	367,10562,10563,10564	P. Def. +4.4%, Max HP +250.		
10566	10566,10565,10567,10568	P. Def. +5.2%, Max HP +294.		
10570	10570,10569,10571,10572	P. Def. +6.2%, Max HP +347.		
368	368,10573,10574,10575	Max HP +272, Breath +170, STR -3, CON +3.		
10577	10577,10576,10578,10579	Max HP +320, Breath +200, STR -3, CON +3.		
10581	10581,10580,10582,10583	Max HP +378, Breath +236, STR -3, CON +3.		
369	369,10584,10585,10586	Speed +6, HP regeneration +4.5%, STR +3, CON -1, DEX -2.		
10588	10588,10587,10589,10590	Speed +7, HP regeneration +5.3%, STR +3, CON -1, DEX -2.		
10592	10592,10591,10593,10594	Speed +8, HP regeneration +6.2%, STR +3, CON -1, DEX -2.		
370	370,10595,10596,10597	P. Atk. +3.4%, Accuracy +3, Stun resistance +42%, STR +2, CON -2.		
10599	10599,10598,10600,10601	P. Atk. +4%, Accuracy +3, Stun resistance +50%, STR +2, CON -2.		
10603	10603,10602,10604,10605	P. Atk. +4.7%, Accuracy +4, Stun resistance +59%, STR +2, CON -2.		
371	371,10606,10607,10608	Atk. Spd. +6.8%, Weight limit +4895, Poison resistance +68%, STR +2, CON -2.		
10610	10610,10609,10611,10612	Atk. Spd. +8%, Weight limit +5759, Poison resistance +80%, STR +2, CON -2.		
10614	10614,10613,10615,10616	Atk. Spd. +9.4%, Weight limit +6796, Poison resistance +94%, STR +2, CON -2.		
372	372,10617,10618,10619	P. Def. +6.8%, Max HP +378.		
10621	10621,10620,10622,10623	P. Def. +8%, Max HP +445.		
10625	10625,10624,10626,10627	P. Def. +9.4%, Max HP +525.		
373	373,10628,10629,10630	Max CP +197, CP regeneration +34%.		
10632	10632,10631,10633,10634	Max CP +232, CP regeneration +40%.		
10636	10636,10635,10637,10638	Max CP +274, CP regeneration +47.2%.		
374	374,10639,10640,10641	P. Atk. +4%, Sleep resistance +70%, Root resistance +70%, CON +2, DEX -2.	2498	reflectDam +5.
10643	10643,10642,10644,10645	P. Atk. +4.7%, Sleep resistance +83%, Root resistance +83%, CON +2, DEX -2.	2498	reflectDam +5.
375	375,10647,10646,10648,10649	HP recovery +4.7%, Paralysis resistance +59%, STR -2, CON +2.		
390	390,10651,10650,10652,10653	M. Def. +1.8%, Weight limit +2028.		
10655	10655,10656,10654,10657,10658	M. Def. +2.6%, Weight limit +2898.		
10660	10660,10661,10659,10662,10663	M. Def. +3.6%, Weight limit +3941.		
10665	10665,10666,10664,10667,10668	M. Def. +4.5%, Weight limit +4926.		
10670	10670,10671,10669,10672,10673	M. Def. +5.2%, Weight limit +5795.		
10675	10675,10676,10674,10677,10678	M. Def. +6.2%, Weight limit +6838.		
391	391,10680,10679,10681,10682	MP regeneration +4%, Max MP +111, MEN +2, WIT -2.		
10684	10684,10685,10683,10686,10687	MP regeneration +5.4%, Max MP +151, MEN +2, WIT -2.		
10689	10689,10690,10688,10691,10692	MP regeneration +6.8%, Max MP +189, MEN +2, WIT -2.		
10694	10694,10695,10693,10696,10697	MP regeneration +8%, Max MP +222, MEN +2, WIT -2.		
10699	10699,10700,10698,10701,10702	MP regeneration +9.4%, Max MP +262, MEN +2, WIT -2.		
392	392,10704,10703,10705,10706	Max CP +98, CP regeneration +20%.		
10708	10708,10709,10707,10710,10711	Max CP +133, CP regeneration +27.2%.		
10713	10713,10714,10712,10715,10716	Max CP +166, CP regeneration +34%.		
10718	10718,10719,10717,10720,10721	Max CP +195, CP regeneration +40%.		
10723	10723,10724,10722,10725,10726	Max CP +230, CP regeneration +47.2%.		
393	393,10728,10727,10729,10730	M. Def. +2%, HP drain +2, DEX +1, CON -1.		
10732	10732,10733,10731,10734,10735	M. Def. +2.7%, HP drain +2, DEX +1, CON -1.		
10737	10737,10738,10736,10739,10740	M. Def. +3.4%, HP drain +3, DEX +1, CON -1.		
10742	10742,10743,10741,10744,10745	M. Def. +4%, HP drain +3, DEX +1, CON -1.		
10747	10747,10748,10746,10749,10750	M. Def. +4.7%, HP drain +4, DEX +1, CON -1.		
394	394,10752,10751,10753,10754	Max MP +80.		
10756	10756,10757,10755,10758,10759	Max MP +109.		
10761	10761,10762,10760,10763,10764	Max MP +136.		
10766	10766,10767,10765,10768,10769	Max MP +160.		
10771	10771,10772,10770,10773,10774	Max MP +189.		
395	395,10776,10775,10777,10778	Max MP +92.		
10780	10780,10781,10779,10782,10783	Max MP +125.		
10785	10785,10786,10784,10787,10788	Max MP +156.		
10790	10790,10791,10789,10792,10793	Max MP +184.		
10795	10795,10796,10794,10797,10798	Max MP +217.		
396	396,10799,10800,10801	Evasion +2.		
10803	10803,10802,10804,10805	Evasion +3.		
10807	10807,10806,10808,10809	Evasion +3.		
10811	10811,10810,10812,10813	Evasion +4.		
10815	10815,10814,10816,10817	Evasion +5.		
397	397,10819,10818,10820,10821	Evasion +4.		
10823	10823,10824,10822,10825,10826	Evasion +5.		
10828	10828,10829,10827,10830,10831	Evasion +6.		
10833	10833,10834,10832,10835,10836	Evasion +7.		
398	398,10838,10837,10839,10840	STR +4, CON -1.		
10842	10842,10843,10841,10844,10845	STR +4, CON -1.		
10847	10847,10848,10846,10849,10850	STR +4, CON -1.		
10852	10852,10853,10851,10854,10855	STR +4, CON -1.		
399	399,10857,10856,10858,10859	P. Def. +3.6%, Casting Spd. +10.2%.		
10861	10861,10862,10860,10863,10864	P. Def. +4.4%, Casting Spd. +12.7%.		
10866	10866,10867,10865,10868,10869	P. Def. +5.2%, Casting Spd. +15%.		
10871	10871,10872,10870,10873,10874	P. Def. +6.2%, Casting Spd. +17.7%.		
400	400,10876,10875,10877,10878	P. Def. +5.2%.		
10880	10880,10881,10879,10882,10883	P. Def. +6.5%.		
10885	10885,10886,10884,10887,10888	P. Def. +7.7%.		
10890	10890,10891,10889,10892,10893	P. Def. +9.1%.		
401	401,10894,10895,10896	M. Def. +5.2%.		
10898	10898,10897,10899,10900	M. Def. +6.5%.		
10902	10902,10901,10903,10904	M. Def. +7.7%.		
10906	10906,10905,10907,10908	M. Def. +9.1%.		
402	402,10909,10910,10911	Atk. Spd. +3.4%, P. Atk. +3.4%, STR +1, CON -1.		
10913	10913,10912,10914,10915	Atk. Spd. +4%, P. Atk. +4%, STR +1, CON -1.		
10917	10917,10916,10918,10919	Atk. Spd. +4.7%, P. Atk. +4.7%, STR +1, CON -1.		
403	403,10920,10921,10922	P. Atk. +6.8%, Max MP +204, Weight limit +4895.		
10924	10924,10923,10925,10926	P. Atk. +8%, Max MP +240, Weight limit +5759.		
10928	10928,10927,10929,10930	P. Atk. +9.4%, Max MP +283, Weight limit +6796.		
404	404,10932,10931,10933,10934	M. Def. +4.5%, Weight limit +4926.		
10936	10936,10937,10935,10938,10939	M. Def. +5.2%, Weight limit +5795.		
10941	10941,10942,10940,10943,10944	M. Def. +6.2%, Weight limit +6838.		
405	405,10946,10945,10947,10948	MP regeneration +6.8%, Max MP +189, MEN +2, WIT -2.		
10950	10950,10951,10949,10952,10953	MP regeneration +8%, Max MP +222, MEN +2, WIT -2.		
10955	10955,10956,10954,10957,10958	MP regeneration +9.4%, Max MP +262, MEN +2, WIT -2.		
406	406,10959,10960,10961	Max CP +166, CP regeneration +34%.		
10963	10963,10962,10964,10965	Max CP +195, CP regeneration +40%.		
10967	10967,10966,10968,10969	Max CP +230, CP regeneration +47.2%.		
407	407,10970,10971,10972	M. Def. +3.4%, HP drain +3, DEX +1, CON -1.		
10974	10974,10973,10975,10976	M. Def. +4%, HP drain +3, DEX +1, CON -1.		
10978	10978,10977,10979,10980	M. Def. +4.7%, HP drain +4, DEX +1, CON -1.		
408	408,10982,10981,10983,10984	Evasion +3.		
10986	10986,10987,10985,10988,10989	Evasion +4.		
10991	10991,10992,10990,10993,10994	Evasion +5.		
409	409,10996,10995,10997,10998	P. Def. +4.4%, Casting Spd. +12.7%.		
11000	11000,11001,10999,11002,11003	P. Def. +5.2%, Casting Spd. +15%.		
11005	11005,11006,11004,11007,11008	P. Def. +6.2%, Casting Spd. +17.7%.		
410	410,11009,11010,11011	Atk. Spd. +4%, P. Atk. +4%, STR +1, CON -1.		
11013	11013,11012,11014,11015	Atk. Spd. +4.7%, P. Atk. +4.7%, STR +1, CON -1.		
411	411,11016,11017,11018	P. Atk. +9.4%, Max MP +283, Weight limit +6796.		
426	426,11020,11019,11021,11022	Casting Spd. +5.2%, M. Def. +2.8%.		
11024	11024,11025,11023,11026,11027	Casting Spd. +7.5%, M. Def. +4%.		
11029	11029,11030,11028,11031,11032	Casting Spd. +10.2%, M. Def. +5.4%.		
11034	11034,11035,11033,11036,11037	Casting Spd. +12.7%, M. Def. +6.8%.		
11039	11039,11040,11038,11041,11042	Casting Spd. +15%, M. Def. +8%.		
11044	11044,11045,11043,11046,11047	Casting Spd. +17.7%, M. Def. +9.4%.		
428	428,11049,11048,11050,11051	P. Def. +2.8%, Casting Spd. +5.2%, Speed +2.		
11053	11053,11054,11052,11055,11056	P. Def. +4%, Casting Spd. +7.5%, Speed +4.		
11058	11058,11059,11057,11060,11061	P. Def. +5.4%, Casting Spd. +10.2%, Speed +5.		
11063	11063,11064,11062,11065,11066	P. Def. +6.8%, Casting Spd. +12.7%, Speed +6.		
11068	11068,11069,11067,11070,11071	P. Def. +8%, Casting Spd. +15%, Speed +7.		
11073	11073,11074,11072,11075,11076	P. Def. +9.4%, Casting Spd. +17.7%, Speed +8.		
429	429,11078,11077,11079,11080	M. Atk. +6%, Speed +2, Weight limit +2016.		
11082	11082,11083,11081,11084,11085	M. Atk. +8.5%, Speed +4, Weight limit +2880.		
11087	11087,11088,11086,11089,11090	M. Atk. +11.6%, Speed +5, Weight limit +3916.		
11092	11092,11093,11091,11094,11095	M. Atk. +14.5%, Speed +6, Weight limit +4895.		
11097	11097,11098,11096,11099,11100	M. Atk. +17%, Speed +7, Weight limit +5759.		
11102	11102,11103,11101,11104,11105	M. Atk. +20.1%, Speed +8, Weight limit +6796.		
432	432,11107,11106,11108,11109	MP regeneration +2%, M. Atk. +4%, INT +2, WIT -2.		
11111	11111,11112,11110,11113,11114	MP regeneration +2.7%, M. Atk. +5.4%, INT +2, WIT -2.		
11116	11116,11117,11115,11118,11119	MP regeneration +3.4%, M. Atk. +6.8%, INT +2, WIT -2.		
11121	11121,11122,11120,11123,11124	MP regeneration +4%, M. Atk. +8%, INT +2, WIT -2.		
11126	11126,11127,11125,11128,11129	MP regeneration +4.7%, M. Atk. +9.4%, INT +2, WIT -2.		
434	434,11131,11130,11132,11133	Casting Spd. +7.5%, M. Def. +4%.		
11135	11135,11136,11134,11137,11138	Casting Spd. +10.2%, M. Def. +5.4%.		
11140	11140,11141,11139,11142,11143	Casting Spd. +12.7%, M. Def. +6.8%.		
11145	11145,11146,11144,11147,11148	Casting Spd. +15%, M. Def. +8%.		
11150	11150,11151,11149,11152,11153	Casting Spd. +17.7%, M. Def. +9.4%.		
435	435,11155,11154,11156,11157	Max MP +103, MP regeneration +2.6%, WIT +3, INT -2.		
11159	11159,11160,11158,11161,11162	Max MP +140, MP regeneration +3.6%, WIT +3, INT -2.		
11164	11164,11165,11163,11166,11167	Max MP +175, MP regeneration +4.5%, WIT +3, INT -2.		
11169	11169,11170,11168,11171,11172	Max MP +206, MP regeneration +5.3%, WIT +3, INT -2.		
11174	11174,11175,11173,11176,11177	Max MP +243, MP regeneration +6.2%, WIT +3, INT -2.		
436	436,11179,11178,11180,11181	M. Atk. +10%, MP regeneration -5%.		
11183	11183,11184,11182,11185,11186	M. Atk. +13.6%, MP regeneration -6.8%.		
11188	11188,11189,11187,11190,11191	M. Atk. +17%, MP regeneration -8.5%.		
11193	11193,11194,11192,11195,11196	M. Atk. +20%, MP regeneration -10%.		
11198	11198,11199,11197,11200,11201	M. Atk. +23.6%, MP regeneration -11.8%.		
437	437,11203,11202,11204,11205	Speed +7, WIT +1, INT -1.		
11207	11207,11208,11206,11209,11210	Speed +10, WIT +1, INT -1.		
11212	11212,11213,11211,11214,11215	Speed +12, WIT +1, INT -1.		
11217	11217,11218,11216,11219,11220	Speed +14, WIT +1, INT -1.		
11222	11222,11223,11221,11224,11225	Speed +17, WIT +1, INT -1.		
438	438,11226,11227,11228	P. Def. +4%, Casting Spd. +7.5%, Speed +4.		
11230	11230,11229,11231,11232	P. Def. +5.4%, Casting Spd. +10.2%, Speed +5.		
11234	11234,11233,11235,11236	P. Def. +6.8%, Casting Spd. +12.7%, Speed +6.		
11238	11238,11237,11239,11240	P. Def. +8%, Casting Spd. +15%, Speed +7.		
11242	11242,11241,11243,11244	P. Def. +9.4%, Casting Spd. +17.7%, Speed +8.		
439	439,11246,11245,11247,11248	P. Def. +5.2%, Casting Spd. +15%.		
11250	11250,11251,11249,11252,11253	P. Def. +6.5%, Casting Spd. +18.8%.		
11255	11255,11256,11254,11257,11258	P. Def. +7.7%, Casting Spd. +22.1%.		
11260	11260,11261,11259,11262,11263	P. Def. +9.1%, Casting Spd. +26%.		
441	441,11265,11264,11266,11267	Max HP -270, INT +4, WIT -1.		
11269	11269,11270,11268,11271,11272	Max HP -337, INT +4, WIT -1.		
11274	11274,11275,11273,11276,11277	Max HP -397, INT +4, WIT -1.		
11279	11279,11280,11278,11281,11282	Max HP -469, INT +4, WIT -1.		
442	442,11284,11283,11285,11286	P. Def. +5.2%, Max MP +171, INT -1, WIT +1.		
11288	11288,11289,11287,11290,11291	P. Def. +6.5%, Max MP +214, INT -1, WIT +1.		
11293	11293,11294,11292,11295,11296	P. Def. +7.7%, Max MP +251, INT -1, WIT +1.		
11298	11298,11299,11297,11300,11301	P. Def. +9.1%, Max MP +297, INT -1, WIT +1.		
443	443,11303,11302,11304,11305	Max MP +204, Casting Spd. +12.7%, MP regeneration +6.8%.		
11307	11307,11308,11306,11309,11310	Max MP +240, Casting Spd. +15%, MP regeneration +8%.		
11312	11312,11313,11311,11314,11315	Max MP +283, Casting Spd. +17.7%, MP regeneration +9.4%.		
444	444,11316,11317,11318	Max CP +150, CP regeneration +34%.		
11320	11320,11319,11321,11322	Max CP +177, CP regeneration +40%.		
11324	11324,11323,11325,11326	Max CP +209, CP regeneration +47.2%.		
445	445,11328,11327,11329,11330	MP regeneration +3.4%, M. Atk. +6.8%, INT +2, WIT -2.		
11332	11332,11333,11331,11334,11335	MP regeneration +4%, M. Atk. +8%, INT +2, WIT -2.		
11337	11337,11338,11336,11339,11340	MP regeneration +4.7%, M. Atk. +9.4%, INT +2, WIT -2.		
446	446,11342,11341,11343,11344	M. Atk. +8.5%, MP regeneration -4.2%.		
11346	11346,11347,11345,11348,11349	M. Atk. +10%, MP regeneration -5%.		
11351	11351,11352,11350,11353,11354	M. Atk. +11.8%, MP regeneration -5.9%.		
447	447,11356,11355,11357,11358	Casting Spd. +12.7%, M. Def. +6.8%.		
11360	11360,11361,11359,11362,11363	Casting Spd. +15%, M. Def. +8%.		
11365	11365,11366,11364,11367,11368	Casting Spd. +17.7%, M. Def. +9.4%.		
448	448,11369,11370,11371	Max MP +175, MP regeneration +4.5%, WIT +3, INT -2.		
11373	11373,11372,11374,11375	Max MP +206, MP regeneration +5.3%, WIT +3, INT -2.		
11377	11377,11376,11378,11379	Max MP +243, MP regeneration +6.2%, WIT +3, INT -2.		
449	449,11381,11380,11382,11383	P. Def. +6.8%, Casting Spd. +12.7%, Speed +6.		
11385	11385,11386,11384,11387,11388	P. Def. +8%, Casting Spd. +15%, Speed +7.		
11390	11390,11391,11389,11392,11393	P. Def. +9.4%, Casting Spd. +17.7%, Speed +8.		
450	450,11394,11395,11396	M. Atk. +14.5%, Speed +6, Weight limit +4895.		
11398	11398,11397,11399,11400	M. Atk. +17%, Speed +7, Weight limit +5759.		
11402	11402,11401,11403,11404	M. Atk. +20.1%, Speed +8, Weight limit +6796.		
451	451,11406,11405,11407,11408	Max MP +204, Casting Spd. +12.7%, MP regeneration +6.8%.		
11410	11410,11411,11409,11412,11413	Max MP +240, Casting Spd. +15%, MP regeneration +8%.		
11415	11415,11416,11414,11417,11418	Max MP +283, Casting Spd. +17.7%, MP regeneration +9.4%.		
452	452,11420,11419,11421,11422	Max CP +150, CP regeneration +34%.		
11424	11424,11425,11423,11426,11427	Max CP +177, CP regeneration +40%.		
11429	11429,11430,11428,11431,11432	Max CP +209, CP regeneration +47.2%.		
453	453,11434,11433,11435,11436	MP regeneration +3.4%, M. Atk. +6.8%, INT +2, WIT -2.		
11438	11438,11439,11437,11440,11441	MP regeneration +4%, M. Atk. +8%, INT +2, WIT -2.		
11443	11443,11444,11442,11445,11446	MP regeneration +4.7%, M. Atk. +9.4%, INT +2, WIT -2.		
454	454,11447,11448,11449	M. Atk. +8.5%, MP regeneration -4.2%.		
11451	11451,11450,11452,11453	M. Atk. +10%, MP regeneration -5%.		
11455	11455,11454,11456,11457	M. Atk. +11.8%, MP regeneration -5.9%.		
455	455,11459,11458,11460,11461	Casting Spd. +12.7%, M. Def. +6.8%.		
11463	11463,11464,11462,11465,11466	Casting Spd. +15%, M. Def. +8%.		
11468	11468,11469,11467,11470,11471	Casting Spd. +17.7%, M. Def. +9.4%.		
456	456,11473,11472,11474,11475	Max MP +175, MP regeneration +4.5%, WIT +3, INT -2.		
11477	11477,11478,11476,11479,11480	Max MP +206, MP regeneration +5.3%, WIT +3, INT -2.		
11482	11482,11483,11481,11484,11485	Max MP +243, MP regeneration +6.2%, WIT +3, INT -2.		
457	457,11487,11486,11488,11489	P. Def. +6.8%, Casting Spd. +12.7%, Speed +6.		
11491	11491,11492,11490,11493,11494	P. Def. +8%, Casting Spd. +15%, Speed +7.		
11496	11496,11497,11495,11498,11499	P. Def. +9.4%, Casting Spd. +17.7%, Speed +8.		
458	458,11500,11501,11502	M. Atk. +14.5%, Speed +6, Weight limit +4895.		
11504	11504,11503,11505,11506	M. Atk. +17%, Speed +7, Weight limit +5759.		
11508	11508,11507,11509,11510	M. Atk. +20.1%, Speed +8, Weight limit +6796.		
459	459,11511,11512,11513	Max MP +240, Casting Spd. +15%, MP regeneration +8%.		
11515	11515,11514,11516,11517	Max MP +283, Casting Spd. +17.7%, MP regeneration +9.4%.		
460	460,11518,11519,11520	Max CP +209, CP regeneration +47.2%.		
1100	1100,11522,11521,11523,11524	MP regeneration +1.4%, M. Atk. +2.8%, INT +2, WIT -2.		
11526	11526,11527,11525,11528,11529	MP regeneration +2%, M. Atk. +4%, INT +2, WIT -2.		
11531	11531,11532,11530,11533,11534	MP regeneration +2.7%, M. Atk. +5.4%, INT +2, WIT -2.		
11536	11536,11537,11535,11538,11539	MP regeneration +3.4%, M. Atk. +6.8%, INT +2, WIT -2.		
11541	11541,11542,11540,11543,11544	MP regeneration +4%, M. Atk. +8%, INT +2, WIT -2.		
11546	11546,11547,11545,11548,11549	MP regeneration +4.7%, M. Atk. +9.4%, INT +2, WIT -2.		
1101	1101,11551,11550,11552,11553	Casting Spd. +15%.		
11555	11555,11556,11554,11557,11558	Casting Spd. +21.4%.		
11560	11560,11561,11559,11562,11563	Casting Spd. +29.1%.		
11565	11565,11566,11564,11567,11568	Casting Spd. +36.4%.		
11570	11570,11571,11569,11572,11573	Casting Spd. +42.9%.		
11575	11575,11576,11574,11577,11578	Casting Spd. +50.6%.		
1102	1102,11580,11579,11581,11582	M. Atk. +3.5%, MP regeneration -1.7%.		
11584	11584,11585,11583,11586,11587	M. Atk. +5%, MP regeneration -2.5%.		
11589	11589,11590,11588,11591,11592	M. Atk. +6.8%, MP regeneration -3.4%.		
11594	11594,11595,11593,11596,11597	M. Atk. +8.5%, MP regeneration -4.2%.		
11599	11599,11600,11598,11601,11602	M. Atk. +10%, MP regeneration -5%.		
11604	11604,11605,11603,11606,11607	M. Atk. +11.8%, MP regeneration -5.9%.		
1146	1146,11609,11608,11610,11611	M. Def. +1.8%, Weight limit +2028.		
11613	11613,11614,11612,11615,11616	M. Def. +2.6%, Weight limit +2898.		
11618	11618,11619,11617,11620,11621	M. Def. +3.6%, Weight limit +3941.		
11623	11623,11624,11622,11625,11626	M. Def. +4.5%, Weight limit +4926.		
11628	11628,11629,11627,11630,11631	M. Def. +5.2%, Weight limit +5795.		
11633	11633,11634,11632,11635,11636	M. Def. +6.2%, Weight limit +6838.		
2376	2376,11638,11637,11639,11640	Max HP +294.	673	rShld +24%.
11642	11642,11643,11641,11644,11645	Max HP +346.	673	rShld +24%.
11647	11647,11648,11646,11649,11650	Max HP +408.	673	rShld +24%.
2381	2381,11651,11652,11653	Max HP +320, Breath +200, STR -3, CON +3.	110	rShld +24%.
11655	11655,11654,11656,11657	Max HP +376, Breath +235, STR -3, CON +3.	110	rShld +24%.
11659	11659,11658,11660,11661	Max HP +444, Breath +278, STR -3, CON +3.	110	rShld +24%.
2382	2382,11662,11663,11664	Atk. Spd. +8%, Weight limit +5759, Poison resistance +80%, Bleed resistance +80%, STR +2, CON -2.		
11666	11666,11665,11667,11668	Atk. Spd. +9.4%, Weight limit +6796, Poison resistance +94%, Bleed resistance +94%, STR +2, CON -2.		
2383	2383,11669,11670,11671	P. Atk. +4%, Accuracy +3, Stun resistance +50%, STR +2, CON -2.		
11673	11673,11672,11674,11675	P. Atk. +4.7%, Accuracy +4, Stun resistance +59%, STR +2, CON -2.		
2384	2384,11677,11676,11678,11679	Evasion +4.		
11681	11681,11682,11680,11683,11684	Evasion +5.		
11686	11686,11687,11685,11688,11689	Evasion +6.		
2385	2385,11691,11690,11692,11693	Atk. Spd. +4%, P. Atk. +4%, Paralysis resistance +50%, STR +1, CON -1.		
11695	11695,11696,11694,11697,11698	Atk. Spd. +4.7%, P. Atk. +4.7%, Paralysis resistance +59%, STR +1, CON -1.		
2390	2390,11699,11700,11701	M. Def. +5.2%, Weight limit +5795.		
11703	11703,11702,11704,11705	M. Def. +6.2%, Weight limit +6818.		
11707	11707,11706,11708,11709	M. Def. +7.3%, Weight limit +8045.		
2391	2391,11710,11711,11712	P. Def. +5.2%, Casting Spd. +15%, INT -2, MEN +3, WIT -1.		
11714	11714,11713,11715,11716	P. Def. +6.2%, Casting Spd. +17.7%, INT -2, MEN +3, WIT -1.		
11718	11718,11717,11719,11720	P. Def. +7.3%, Casting Spd. +20.8%, INT -2, MEN +3, WIT -1.		
2392	2392,11721,11722,11723	Breath +200, P. Atk. +2.7%, MP regeneration +2.5%, STR -1, CON -2, DEX +3, Poison resistance +20%.		
11725	11725,11724,11726,11727	Breath +235, P. Atk. +3.2%, MP regeneration +2.9%, STR -1, CON -2, DEX +3, Poison resistance +24%.		
11729	11729,11728,11730,11731	Breath +278, P. Atk. +3.8%, MP regeneration +3.5%, STR -1, CON -2, DEX +3, Poison resistance +28%.		
2393	2393,11732,11733,11734	MP regeneration +8%, Max MP +222, Poison resistance +80%, Bleed resistance +80%, MEN +2, WIT -2.		
11736	11736,11735,11737,11738	MP regeneration +9.4%, Max MP +262, Poison resistance +94%, Bleed resistance +94%, MEN +2, WIT -2.		
2394	2394,11739,11740,11741	M. Def. +4%, Sleep resistance +70%, Root resistance +70%, HP drain +3, DEX +1, CON -1.		
11743	11743,11742,11744,11745	M. Def. +4.7%, Sleep resistance +83%, Root resistance +83%, HP drain +4, DEX +1, CON -1.		
2395	2395,11746,11747,11748	P. Atk. +8%, Max MP +240, Weight limit +5759, Stun resistance +50%, DEX +1, CON -1.		
11750	11750,11749,11751,11752	P. Atk. +9.4%, Max MP +283, Weight limit +6796, Stun resistance +59%, DEX +1, CON -1.		
2397	2397,11754,11753,11755,11756	M. Atk. +10%, MP regeneration -5%.		
11758	11758,11759,11757,11760,11761	M. Atk. +11.8%, MP regeneration -5.9%.		
11763	11763,11764,11762,11765,11766	M. Atk. +13.9%, MP regeneration -6.9%.		
2398	2398,11768,11767,11769,11770	Max MP +206, MP regeneration +5.3%, INT -2, MEN -1, WIT +3.		
11772	11772,11773,11771,11774,11775	Max MP +242, MP regeneration +6.2%, INT -2, MEN -1, WIT +3.		
11777	11777,11778,11776,11779,11780	Max MP +286, MP regeneration +7.3%, INT -2, MEN -1, WIT +3.		
2399	2399,11782,11781,11783,11784	Speed +7, Breath +200, MP regeneration +5.3%, INT +2, MEN +1, WIT -3.		
11786	11786,11787,11785,11788,11789	Speed +8, Breath +235, MP regeneration +6.2%, INT +2, MEN +1, WIT -3.		
11791	11791,11792,11790,11793,11794	Speed +10, Breath +278, MP regeneration +7.3%, INT +2, MEN +1, WIT -3.		
2400	2400,11796,11795,11797,11798	Casting Spd. +15%, M. Def. +8%, Poison resistance +80%, Bleed resistance +80%, INT -2, WIT +2.		
11800	11800,11801,11799,11802,11803	Casting Spd. +17.7%, M. Def. +9.4%, Poison resistance +94%, Bleed resistance +94%, INT -2, WIT +2.		
2406	2406,11804,11805,11806	P. Def. +5.5%, Casting Spd. +15%.		
11808	11808,11807,11809,11810	P. Def. +6.4%, Casting Spd. +17.7%.		
11812	11812,11811,11813,11814	P. Def. +7.6%, Casting Spd. +20.8%.		
2407	2407,11815,11816,11817	P. Def. +8%, Casting Spd. +15%, Speed +7, Cancel resistance -18, Paralysis resistance +50%, WIT +2, MEN -2.		
11819	11819,11818,11820,11821	P. Def. +9.4%, Casting Spd. +17.7%, Speed +8, Cancel resistance -21, Paralysis resistance +59%, WIT +2, MEN -2.		
2408	2408,11822,11823,11824	MP regeneration +4%, M. Atk. +8%, Sleep resistance +70%, Root resistance +70%, INT +2, WIT -2.		
11826	11826,11825,11827,11828	MP regeneration +4.7%, M. Atk. +9.4%, Sleep resistance +83%, Root resistance +83%, INT +2, WIT -2.		
2409	2409,11829,11830,11831	Max MP +240, Casting Spd. +15%, MP regeneration +8%, Stun resistance +50%, MEN +1, INT -1.		
11833	11833,11832,11834,11835	Max MP +283, Casting Spd. +17.7%, MP regeneration +9.4%, Stun resistance +59%, MEN +1, INT -1.		
6373	6373,11837,11836,11838,11839	P. Def. +8%, Max HP +445, Sleep resistance +70%, Root resistance +70%, DEX -2, STR +2.	6377	Poison resistance +80%, Bleed resistance +80%.
6379	6379,11840,11841,11842	Atk. Spd. +4%, P. Atk. +4%, Max MP +289, Weight limit +5759, DEX +1, STR +1, CON -2.		
6383	6383,11843,11844,11845	M. Atk. +17%, Speed +7, Cancel resistance -50, Weight limit +5759, WIT +1, INT +1, MEN -2, Stun resistance +50%.		
7851	7851,11846,11847,11848	P. Def. +5%, Max HP +85.		
11850	11850,11849,11851,11852	P. Def. +6.8%, Max HP +116.		
11854	11854,11853,11855,11856	P. Def. +8.5%, Max HP +144.		
11858	11858,11857,11859,11860	P. Def. +10%, Max HP +170.		
11862	11862,11861,11863,11864	P. Def. +11.8%, Max HP +201.		
7854	7854,11865,11866,11867	P. Def. +5%, Evasion +3.		
11869	11869,11868,11870,11871	P. Def. +6.8%, Evasion +4.		
11873	11873,11872,11874,11875	P. Def. +8.5%, Evasion +5.		
11877	11877,11876,11878,11879	P. Def. +10%, Evasion +6.		
11881	11881,11880,11882,11883	P. Def. +11.8%, Evasion +7.		
7857	7857,11884,11885,11886	P. Def. +5%, Casting Spd. +5%.		
11888	11888,11887,11889,11890	P. Def. +6.8%, Casting Spd. +6.8%.		
11892	11892,11891,11893,11894	P. Def. +8.5%, Casting Spd. +8.5%.		
11896	11896,11895,11897,11898	P. Def. +10%, Casting Spd. +10%.		
11900	11900,11899,11901,11902	P. Def. +11.8%, Casting Spd. +11.8%.		
7861	7861,11903,11904,11905	Max CP +232, CP regeneration +40%.		
11907	11907,11906,11908,11909	Max CP +274, CP regeneration +47.2%.		
7864	7864,11910,11911,11912	Max CP +195, CP regeneration +40%.		
11914	11914,11913,11915,11916	Max CP +230, CP regeneration +47.2%.		
7867	7867,11917,11918,11919	Max CP +177, CP regeneration +40%.		
11921	11921,11920,11922,11923	Max CP +209, CP regeneration +47.2%.		
