set	piece	slot	bodypart	armorType	from	NG	D	C	B	A	S
Shirt Set	Shirt Helmet	head	head		NG	10000	10004	10009	10014	10019	10024
Shirt Set	Shirt	chest	chest	LIGHT	NG	21	10005	10010	10015	10020	10025
Shirt Set	Shirt Gaiters	legs	legs	LIGHT	NG	10001	10006	10011	10016	10021	10026
Shirt Set	Shirt Gloves	gloves	gloves		NG	10002	10007	10012	10017	10022	10027
Shirt Set	Shirt Boots	feet	feet		NG	10003	10008	10013	10018	10023	10028
Leather Shirt Set	Leather Shirt Helmet	head	head		NG	10029	10033	10038	10043	10048	10053
Leather Shirt Set	Leather Shirt	chest	chest	LIGHT	NG	22	10034	10039	10044	10049	10054
Leather Shirt Set	Leather Shirt Gaiters	legs	legs	LIGHT	NG	10030	10035	10040	10045	10050	10055
Leather Shirt Set	Leather Shirt Gloves	gloves	gloves		NG	10031	10036	10041	10046	10051	10056
Leather Shirt Set	Leather Shirt Boots	feet	feet		NG	10032	10037	10042	10047	10052	10057
Wooden Set	Wooden Breastplate Helmet	head	head		NG	10058	10062	10067	10072	10077	10082
Wooden Set	Wooden Breastplate	chest	chest	LIGHT	NG	23	10063	10068	10073	10078	10083
Wooden Set	Wooden Breastplate Gaiters	legs	legs	LIGHT	NG	10059	10064	10069	10074	10079	10084
Wooden Set	Wooden Breastplate Gloves	gloves	gloves		NG	10060	10065	10070	10075	10080	10085
Wooden Set	Wooden Breastplate Boots	feet	feet		NG	10061	10066	10071	10076	10081	10086
Bone Set	Bone Breastplate Helmet	head	head		NG	10087	10091	10096	10101	10106	10111
Bone Set	Bone Breastplate	chest	chest	LIGHT	NG	24	10092	10097	10102	10107	10112
Bone Set	Bone Breastplate Gaiters	legs	legs	LIGHT	NG	10088	10093	10098	10103	10108	10113
Bone Set	Bone Breastplate Gloves	gloves	gloves		NG	10089	10094	10099	10104	10109	10114
Bone Set	Bone Breastplate Boots	feet	feet		NG	10090	10095	10100	10105	10110	10115
Piece Bone Set	Piece Bone Breastplate Helmet	head	head		NG	10116	10120	10125	10130	10135	10140
Piece Bone Set	Piece Bone Breastplate	chest	chest	HEAVY	NG	25	10121	10126	10131	10136	10141
Piece Bone Set	Piece Bone Breastplate Gaiters	legs	legs	HEAVY	NG	10117	10122	10127	10132	10137	10142
Piece Bone Set	Piece Bone Breastplate Gloves	gloves	gloves		NG	10118	10123	10128	10133	10138	10143
Piece Bone Set	Piece Bone Breastplate Boots	feet	feet		NG	10119	10124	10129	10134	10139	10144
Bronze Set	Bronze Breastplate Helmet	head	head		NG	10145	10149	10154	10159	10164	10169
Bronze Set	Bronze Breastplate	chest	chest	HEAVY	NG	26	10150	10155	10160	10165	10170
Bronze Set	Bronze Breastplate Gaiters	legs	legs	HEAVY	NG	10146	10151	10156	10161	10166	10171
Bronze Set	Bronze Breastplate Gloves	gloves	gloves		NG	10147	10152	10157	10162	10167	10172
Bronze Set	Bronze Breastplate Boots	feet	feet		NG	10148	10153	10158	10163	10168	10173
Hard Leather Set	Hard Leather Shirt Helmet	head	head		NG	10174	10178	10183	10188	10193	10198
Hard Leather Set	Hard Leather Shirt	chest	chest	LIGHT	NG	27	10179	10184	10189	10194	10199
Hard Leather Set	Hard Leather Shirt Gaiters	legs	legs	LIGHT	NG	10175	10180	10185	10190	10195	10200
Hard Leather Set	Hard Leather Shirt Gloves	gloves	gloves		NG	10176	10181	10186	10191	10196	10201
Hard Leather Set	Hard Leather Shirt Boots	feet	feet		NG	10177	10182	10187	10192	10197	10202
Composite Set	Composite Armor Helmet	head	head		C			10203	10206	10210	10214
Composite Set	Composite Armor	chest	fullarmor	HEAVY	C			60	10207	10211	10215
Composite Set	Composite Armor Gloves	gloves	gloves		C			10204	10208	10212	10216
Composite Set	Composite Armor Boots	feet	feet		C			10205	10209	10213	10217
Ring Mail Set	Ring Mail Breastplate Helmet	head	head		D		10218	10222	10227	10232	10237
Ring Mail Set	Ring Mail Breastplate	chest	chest	HEAVY	D		347	10223	10228	10233	10238
Ring Mail Set	Ring Mail Breastplate Gaiters	legs	legs	HEAVY	D		10219	10224	10229	10234	10239
Ring Mail Set	Ring Mail Breastplate Gloves	gloves	gloves		D		10220	10225	10230	10235	10240
Ring Mail Set	Ring Mail Breastplate Boots	feet	feet		D		10221	10226	10231	10236	10241
Scale Set	Scale Mail Helmet	head	head		D		10242	10246	10251	10256	10261
Scale Set	Scale Mail	chest	chest	HEAVY	D		348	10247	10252	10257	10262
Scale Set	Scale Mail Gaiters	legs	legs	HEAVY	D		10243	10248	10253	10258	10263
Scale Set	Scale Mail Gloves	gloves	gloves		D		10244	10249	10254	10259	10264
Scale Set	Scale Mail Boots	feet	feet		D		10245	10250	10255	10260	10265
Compound Scale Set	Compound Scale Mail Helmet	head	head		D		10266	10270	10275	10280	10285
Compound Scale Set	Compound Scale Mail	chest	chest	HEAVY	D		349	10271	10276	10281	10286
Compound Scale Set	Compound Scale Mail Gaiters	legs	legs	HEAVY	D		10267	10272	10277	10282	10287
Compound Scale Set	Compound Scale Mail Gloves	gloves	gloves		D		10268	10273	10278	10283	10288
Compound Scale Set	Compound Scale Mail Boots	feet	feet		D		10269	10274	10279	10284	10289
Dwarven Scale Set	Dwarven Scale Mail Helmet	head	head		D		10290	10294	10299	10304	10309
Dwarven Scale Set	Dwarven Scale Mail	chest	chest	HEAVY	D		350	10295	10300	10305	10310
Dwarven Scale Set	Dwarven Scale Mail Gaiters	legs	legs	HEAVY	D		10291	10296	10301	10306	10311
Dwarven Scale Set	Dwarven Scale Mail Gloves	gloves	gloves		D		10292	10297	10302	10307	10312
Dwarven Scale Set	Dwarven Scale Mail Boots	feet	feet		D		10293	10298	10303	10308	10313
Blast Set	Blast Plate Helmet	head	head		D		10314	10318	10323	10328	10333
Blast Set	Blast Plate	chest	chest	HEAVY	D		351	10319	10324	10329	10334
Blast Set	Blast Plate Gaiters	legs	legs	HEAVY	D		10315	10320	10325	10330	10335
Blast Set	Blast Plate Gloves	gloves	gloves		D		10316	10321	10326	10331	10336
Blast Set	Blast Plate Boots	feet	feet		D		10317	10322	10327	10332	10337
Brigandine Set	Brigandine Tunic Helmet	head	head		D		10338	10342	10347	10352	10357
Brigandine Set	Brigandine Tunic	chest	chest	HEAVY	D		352	10343	10348	10353	10358
Brigandine Set	Brigandine Tunic Gaiters	legs	legs	HEAVY	D		10339	10344	10349	10354	10359
Brigandine Set	Brigandine Tunic Gloves	gloves	gloves		D		10340	10345	10350	10355	10360
Brigandine Set	Brigandine Tunic Boots	feet	feet		D		10341	10346	10351	10356	10361
Half Plate Set	Half Plate Armor Helmet	head	head		D		10362	10366	10371	10376	10381
Half Plate Set	Half Plate Armor	chest	chest	HEAVY	D		353	10367	10372	10377	10382
Half Plate Set	Half Plate Armor Gaiters	legs	legs	HEAVY	D		10363	10368	10373	10378	10383
Half Plate Set	Half Plate Armor Gloves	gloves	gloves		D		10364	10369	10374	10379	10384
Half Plate Set	Half Plate Armor Boots	feet	feet		D		10365	10370	10375	10380	10385
Chain Mail Set	Chain Mail Shirt Helmet	head	head		C			10386	10390	10395	10400
Chain Mail Set	Chain Mail Shirt	chest	chest	HEAVY	C			354	10391	10396	10401
Chain Mail Set	Chain Mail Shirt Gaiters	legs	legs	HEAVY	C			10387	10392	10397	10402
Chain Mail Set	Chain Mail Shirt Gloves	gloves	gloves		C			10388	10393	10398	10403
Chain Mail Set	Chain Mail Shirt Boots	feet	feet		C			10389	10394	10399	10404
Dwarven Chain Mail Set	Dwarven Chain Mail Shirt Helmet	head	head		C			10405	10409	10414	10419
Dwarven Chain Mail Set	Dwarven Chain Mail Shirt	chest	chest	HEAVY	C			355	10410	10415	10420
Dwarven Chain Mail Set	Dwarven Chain Mail Shirt Gaiters	legs	legs	HEAVY	C			10406	10411	10416	10421
Dwarven Chain Mail Set	Dwarven Chain Mail Shirt Gloves	gloves	gloves		C			10407	10412	10417	10422
Dwarven Chain Mail Set	Dwarven Chain Mail Shirt Boots	feet	feet		C			10408	10413	10418	10423
Full Plate Set	Full Plate Armor Helmet	head	head		C			10424	10427	10431	10435
Full Plate Set	Full Plate Armor	chest	fullarmor	HEAVY	C			356	10428	10432	10436
Full Plate Set	Full Plate Armor Gloves	gloves	gloves		C			10425	10429	10433	10437
Full Plate Set	Full Plate Armor Boots	feet	feet		C			10426	10430	10434	10438
Zubei Heavy Set	Zubei's Breastplate Helmet	head	head		B				10439	10443	10448
Zubei Heavy Set	Zubei's Breastplate	chest	chest	HEAVY	B				357	10444	10449
Zubei Heavy Set	Zubei's Breastplate Gaiters	legs	legs	HEAVY	B				10440	10445	10450
Zubei Heavy Set	Zubei's Breastplate Gloves	gloves	gloves		B				10441	10446	10451
Zubei Heavy Set	Zubei's Breastplate Boots	feet	feet		B				10442	10447	10452
Blue Wolf Heavy Set	Blue Wolf Breastplate Helmet	head	head		B				10453	10457	10462
Blue Wolf Heavy Set	Blue Wolf Breastplate	chest	chest	HEAVY	B				358	10458	10463
Blue Wolf Heavy Set	Blue Wolf Breastplate Gaiters	legs	legs	HEAVY	B				10454	10459	10464
Blue Wolf Heavy Set	Blue Wolf Breastplate Gloves	gloves	gloves		B				10455	10460	10465
Blue Wolf Heavy Set	Blue Wolf Breastplate Boots	feet	feet		B				10456	10461	10466
Shining Dragon Set	Shining Dragon Armor Helmet	head	head		B				10467	10470	10474
Shining Dragon Set	Shining Dragon Armor	chest	fullarmor	HEAVY	B				359	10471	10475
Shining Dragon Set	Shining Dragon Armor Gloves	gloves	gloves		B				10468	10472	10476
Shining Dragon Set	Shining Dragon Armor Boots	feet	feet		B				10469	10473	10477
Armor of Victory Set	Armor of Victory Helmet	head	head		B				10478	10482	10487
Armor of Victory Set	Armor of Victory	chest	chest	HEAVY	B				360	10483	10488
Armor of Victory Set	Armor of Victory Gaiters	legs	legs	HEAVY	B				10479	10484	10489
Armor of Victory Set	Armor of Victory Gloves	gloves	gloves		B				10480	10485	10490
Armor of Victory Set	Armor of Victory Boots	feet	feet		B				10481	10486	10491
Breastplate of Valor Set	Breastplate of Valor Helmet	head	head		B				10492	10496	10501
Breastplate of Valor Set	Breastplate of Valor	chest	chest	HEAVY	B				361	10497	10502
Breastplate of Valor Set	Breastplate of Valor Gaiters	legs	legs	HEAVY	B				10493	10498	10503
Breastplate of Valor Set	Breastplate of Valor Gloves	gloves	gloves		B				10494	10499	10504
Breastplate of Valor Set	Breastplate of Valor Boots	feet	feet		B				10495	10500	10505
Glorious Set	Glorious Armor Helmet	head	head		B				10506	10509	10513
Glorious Set	Glorious Armor	chest	fullarmor	HEAVY	B				362	10510	10514
Glorious Set	Glorious Armor Gloves	gloves	gloves		B				10507	10511	10515
Glorious Set	Glorious Armor Boots	feet	feet		B				10508	10512	10516
Red Flame Set	Red Flame Armor Helmet	head	head		B				10517	10520	10524
Red Flame Set	Red Flame Armor	chest	fullarmor	HEAVY	B				363	10521	10525
Red Flame Set	Red Flame Armor Gloves	gloves	gloves		B				10518	10522	10526
Red Flame Set	Red Flame Armor Boots	feet	feet		B				10519	10523	10527
Elven Crystal Set	Elven Crystal Breastplate Helmet	head	head		B				10528	10532	10537
Elven Crystal Set	Elven Crystal Breastplate	chest	chest	HEAVY	B				364	10533	10538
Elven Crystal Set	Elven Crystal Breastplate Gaiters	legs	legs	HEAVY	B				10529	10534	10539
Elven Crystal Set	Elven Crystal Breastplate Gloves	gloves	gloves		B				10530	10535	10540
Elven Crystal Set	Elven Crystal Breastplate Boots	feet	feet		B				10531	10536	10541
Dark Crystal Heavy Set	Dark Crystal Breastplate Helmet	head	head		A					10542	10546
Dark Crystal Heavy Set	Dark Crystal Breastplate	chest	chest	HEAVY	A					365	10547
Dark Crystal Heavy Set	Dark Crystal Breastplate Gaiters	legs	legs	HEAVY	A					10543	10548
Dark Crystal Heavy Set	Dark Crystal Breastplate Gloves	gloves	gloves		A					10544	10549
Dark Crystal Heavy Set	Dark Crystal Breastplate Boots	feet	feet		A					10545	10550
Implosion Set	Implosion Armor Helmet	head	head		B				10551	10554	10558
Implosion Set	Implosion Armor	chest	fullarmor	HEAVY	B				366	10555	10559
Implosion Set	Implosion Armor Gloves	gloves	gloves		B				10552	10556	10560
Implosion Set	Implosion Armor Boots	feet	feet		B				10553	10557	10561
Dark Dragon Set	Dark Dragon Armor Helmet	head	head		B				10562	10565	10569
Dark Dragon Set	Dark Dragon Armor	chest	fullarmor	HEAVY	B				367	10566	10570
Dark Dragon Set	Dark Dragon Armor Gloves	gloves	gloves		B				10563	10567	10571
Dark Dragon Set	Dark Dragon Armor Boots	feet	feet		B				10564	10568	10572
Elven Vagian Set	Elven Vagian Armor Helmet	head	head		B				10573	10576	10580
Elven Vagian Set	Elven Vagian Armor	chest	fullarmor	HEAVY	B				368	10577	10581
Elven Vagian Set	Elven Vagian Armor Gloves	gloves	gloves		B				10574	10578	10582
Elven Vagian Set	Elven Vagian Armor Boots	feet	feet		B				10575	10579	10583
Dark Vagian Set	Dark Vagian Armor Helmet	head	head		B				10584	10587	10591
Dark Vagian Set	Dark Vagian Armor	chest	fullarmor	HEAVY	B				369	10588	10592
Dark Vagian Set	Dark Vagian Armor Gloves	gloves	gloves		B				10585	10589	10593
Dark Vagian Set	Dark Vagian Armor Boots	feet	feet		B				10586	10590	10594
Complete Set of Plate Set	Complete Set of Plate Armor Helmet	head	head		B				10595	10598	10602
Complete Set of Plate Set	Complete Set of Plate Armor	chest	fullarmor	HEAVY	B				370	10599	10603
Complete Set of Plate Set	Complete Set of Plate Armor Gloves	gloves	gloves		B				10596	10600	10604
Complete Set of Plate Set	Complete Set of Plate Armor Boots	feet	feet		B				10597	10601	10605
Hell Set	Hell Plate Helmet	head	head		B				10606	10609	10613
Hell Set	Hell Plate	chest	fullarmor	HEAVY	B				371	10610	10614
Hell Set	Hell Plate Gloves	gloves	gloves		B				10607	10611	10615
Hell Set	Hell Plate Boots	feet	feet		B				10608	10612	10616
Art of Set	Art of Plate Helmet	head	head		B				10617	10620	10624
Art of Set	Art of Plate	chest	fullarmor	HEAVY	B				372	10621	10625
Art of Set	Art of Plate Gloves	gloves	gloves		B				10618	10622	10626
Art of Set	Art of Plate Boots	feet	feet		B				10619	10623	10627
Masterpiece Set	Masterpiece Armor Helmet	head	head		B				10628	10631	10635
Masterpiece Set	Masterpiece Armor	chest	fullarmor	HEAVY	B				373	10632	10636
Masterpiece Set	Masterpiece Armor Gloves	gloves	gloves		B				10629	10633	10637
Masterpiece Set	Masterpiece Armor Boots	feet	feet		B				10630	10634	10638
Nightmare Heavy Set	Armor of Nightmare Helmet	head	head		A					10639	10642
Nightmare Heavy Set	Armor of Nightmare	chest	fullarmor	HEAVY	A					374	10643
Nightmare Heavy Set	Armor of Nightmare Gloves	gloves	gloves		A					10640	10644
Nightmare Heavy Set	Armor of Nightmare Boots	feet	feet		A					10641	10645
Dragon Scale Set	Dragon Scale Mail Helmet	head	head		S						10646
Dragon Scale Set	Dragon Scale Mail	chest	chest	HEAVY	S						375
Dragon Scale Set	Dragon Scale Mail Gaiters	legs	legs	HEAVY	S						10647
Dragon Scale Set	Dragon Scale Mail Gloves	gloves	gloves		S						10648
Dragon Scale Set	Dragon Scale Mail Boots	feet	feet		S						10649
Cotton Shirt Set	Cotton Shirt Helmet	head	head		NG	10650	10654	10659	10664	10669	10674
Cotton Shirt Set	Cotton Shirt	chest	chest	LIGHT	NG	390	10655	10660	10665	10670	10675
Cotton Shirt Set	Cotton Shirt Gaiters	legs	legs	LIGHT	NG	10651	10656	10661	10666	10671	10676
Cotton Shirt Set	Cotton Shirt Gloves	gloves	gloves		NG	10652	10657	10662	10667	10672	10677
Cotton Shirt Set	Cotton Shirt Boots	feet	feet		NG	10653	10658	10663	10668	10673	10678
Puma Skin Set	Puma Skin Shirt Helmet	head	head		D		10679	10683	10688	10693	10698
Puma Skin Set	Puma Skin Shirt	chest	chest	LIGHT	D		391	10684	10689	10694	10699
Puma Skin Set	Puma Skin Shirt Gaiters	legs	legs	LIGHT	D		10680	10685	10690	10695	10700
Puma Skin Set	Puma Skin Shirt Gloves	gloves	gloves		D		10681	10686	10691	10696	10701
Puma Skin Set	Puma Skin Shirt Boots	feet	feet		D		10682	10687	10692	10697	10702
Lion Skin Set	Lion Skin Shirt Helmet	head	head		D		10703	10707	10712	10717	10722
Lion Skin Set	Lion Skin Shirt	chest	chest	LIGHT	D		392	10708	10713	10718	10723
Lion Skin Set	Lion Skin Shirt Gaiters	legs	legs	LIGHT	D		10704	10709	10714	10719	10724
Lion Skin Set	Lion Skin Shirt Gloves	gloves	gloves		D		10705	10710	10715	10720	10725
Lion Skin Set	Lion Skin Shirt Boots	feet	feet		D		10706	10711	10716	10721	10726
Mithril Banded Set	Mithril Banded Mail Helmet	head	head		D		10727	10731	10736	10741	10746
Mithril Banded Set	Mithril Banded Mail	chest	chest	LIGHT	D		393	10732	10737	10742	10747
Mithril Banded Set	Mithril Banded Mail Gaiters	legs	legs	LIGHT	D		10728	10733	10738	10743	10748
Mithril Banded Set	Mithril Banded Mail Gloves	gloves	gloves		D		10729	10734	10739	10744	10749
Mithril Banded Set	Mithril Banded Mail Boots	feet	feet		D		10730	10735	10740	10745	10750
Reinforced Leather Set	Reinforced Leather Shirt Helmet	head	head		D		10751	10755	10760	10765	10770
Reinforced Leather Set	Reinforced Leather Shirt	chest	chest	LIGHT	D		394	10756	10761	10766	10771
Reinforced Leather Set	Reinforced Leather Shirt Gaiters	legs	legs	LIGHT	D		10752	10757	10762	10767	10772
Reinforced Leather Set	Reinforced Leather Shirt Gloves	gloves	gloves		D		10753	10758	10763	10768	10773
Reinforced Leather Set	Reinforced Leather Shirt Boots	feet	feet		D		10754	10759	10764	10769	10774
Manticore Skin Set	Manticore Skin Shirt Helmet	head	head		D		10775	10779	10784	10789	10794
Manticore Skin Set	Manticore Skin Shirt	chest	chest	LIGHT	D		395	10780	10785	10790	10795
Manticore Skin Set	Manticore Skin Shirt Gaiters	legs	legs	LIGHT	D		10776	10781	10786	10791	10796
Manticore Skin Set	Manticore Skin Shirt Gloves	gloves	gloves		D		10777	10782	10787	10792	10797
Manticore Skin Set	Manticore Skin Shirt Boots	feet	feet		D		10778	10783	10788	10793	10798
Salamander Skin Set	Salamander Skin Mail Helmet	head	head		D		10799	10802	10806	10810	10814
Salamander Skin Set	Salamander Skin Mail	chest	fullarmor	LIGHT	D		396	10803	10807	10811	10815
Salamander Skin Set	Salamander Skin Mail Gloves	gloves	gloves		D		10800	10804	10808	10812	10816
Salamander Skin Set	Salamander Skin Mail Boots	feet	feet		D		10801	10805	10809	10813	10817
Mithril Light Set	Mithril Shirt Helmet	head	head		C			10818	10822	10827	10832
Mithril Light Set	Mithril Shirt	chest	chest	LIGHT	C			397	10823	10828	10833
Mithril Light Set	Mithril Shirt Gaiters	legs	legs	LIGHT	C			10819	10824	10829	10834
Mithril Light Set	Mithril Shirt Gloves	gloves	gloves		C			10820	10825	10830	10835
Mithril Light Set	Mithril Shirt Boots	feet	feet		C			10821	10826	10831	10836
Plated Leather Set	Plated Leather Helmet	head	head		C			10837	10841	10846	10851
Plated Leather Set	Plated Leather	chest	chest	LIGHT	C			398	10842	10847	10852
Plated Leather Set	Plated Leather Gaiters	legs	legs	LIGHT	C			10838	10843	10848	10853
Plated Leather Set	Plated Leather Gloves	gloves	gloves		C			10839	10844	10849	10854
Plated Leather Set	Plated Leather Boots	feet	feet		C			10840	10845	10850	10855
Rind Leather Set	Rind Leather Armor Helmet	head	head		C			10856	10860	10865	10870
Rind Leather Set	Rind Leather Armor	chest	chest	LIGHT	C			399	10861	10866	10871
Rind Leather Set	Rind Leather Armor Gaiters	legs	legs	LIGHT	C			10857	10862	10867	10872
Rind Leather Set	Rind Leather Armor Gloves	gloves	gloves		C			10858	10863	10868	10873
Rind Leather Set	Rind Leather Armor Boots	feet	feet		C			10859	10864	10869	10874
Theca Leather Set	Theca Leather Armor Helmet	head	head		C			10875	10879	10884	10889
Theca Leather Set	Theca Leather Armor	chest	chest	LIGHT	C			400	10880	10885	10890
Theca Leather Set	Theca Leather Armor Gaiters	legs	legs	LIGHT	C			10876	10881	10886	10891
Theca Leather Set	Theca Leather Armor Gloves	gloves	gloves		C			10877	10882	10887	10892
Theca Leather Set	Theca Leather Armor Boots	feet	feet		C			10878	10883	10888	10893
Drake Leather Set	Drake Leather Armor Helmet	head	head		C			10894	10897	10901	10905
Drake Leather Set	Drake Leather Armor	chest	fullarmor	LIGHT	C			401	10898	10902	10906
Drake Leather Set	Drake Leather Armor Gloves	gloves	gloves		C			10895	10899	10903	10907
Drake Leather Set	Drake Leather Armor Boots	feet	feet		C			10896	10900	10904	10908
Chain Mail of Silence Set	Chain Mail of Silence Helmet	head	head		B				10909	10912	10916
Chain Mail of Silence Set	Chain Mail of Silence	chest	fullarmor	LIGHT	B				402	10913	10917
Chain Mail of Silence Set	Chain Mail of Silence Gloves	gloves	gloves		B				10910	10914	10918
Chain Mail of Silence Set	Chain Mail of Silence Boots	feet	feet		B				10911	10915	10919
Gust Chain Set	Gust Chain Mail Helmet	head	head		B				10920	10923	10927
Gust Chain Set	Gust Chain Mail	chest	fullarmor	LIGHT	B				403	10924	10928
Gust Chain Set	Gust Chain Mail Gloves	gloves	gloves		B				10921	10925	10929
Gust Chain Set	Gust Chain Mail Boots	feet	feet		B				10922	10926	10930
Prairie Leather Set	Prairie Leather Armor Helmet	head	head		B				10931	10935	10940
Prairie Leather Set	Prairie Leather Armor	chest	chest	LIGHT	B				404	10936	10941
Prairie Leather Set	Prairie Leather Armor Gaiters	legs	legs	LIGHT	B				10932	10937	10942
Prairie Leather Set	Prairie Leather Armor Gloves	gloves	gloves		B				10933	10938	10943
Prairie Leather Set	Prairie Leather Armor Boots	feet	feet		B				10934	10939	10944
Leather Armor of The Underworld Set	Leather Armor of The Underworld Helmet	head	head		B				10945	10949	10954
Leather Armor of The Underworld Set	Leather Armor of The Underworld	chest	chest	LIGHT	B				405	10950	10955
Leather Armor of The Underworld Set	Leather Armor of The Underworld Gaiters	legs	legs	LIGHT	B				10946	10951	10956
Leather Armor of The Underworld Set	Leather Armor of The Underworld Gloves	gloves	gloves		B				10947	10952	10957
Leather Armor of The Underworld Set	Leather Armor of The Underworld Boots	feet	feet		B				10948	10953	10958
Leather Suit of Concentration Set	Leather Suit of Concentration Helmet	head	head		B				10959	10962	10966
Leather Suit of Concentration Set	Leather Suit of Concentration	chest	fullarmor	LIGHT	B				406	10963	10967
Leather Suit of Concentration Set	Leather Suit of Concentration Gloves	gloves	gloves		B				10960	10964	10968
Leather Suit of Concentration Set	Leather Suit of Concentration Boots	feet	feet		B				10961	10965	10969
Ace's Leather Set	Ace's Leather Armor Helmet	head	head		B				10970	10973	10977
Ace's Leather Set	Ace's Leather Armor	chest	fullarmor	LIGHT	B				407	10974	10978
Ace's Leather Set	Ace's Leather Armor Gloves	gloves	gloves		B				10971	10975	10979
Ace's Leather Set	Ace's Leather Armor Boots	feet	feet		B				10972	10976	10980
Guardian's Leather Set	Guardian's Leather Armor Helmet	head	head		B				10981	10985	10990
Guardian's Leather Set	Guardian's Leather Armor	chest	chest	LIGHT	B				408	10986	10991
Guardian's Leather Set	Guardian's Leather Armor Gaiters	legs	legs	LIGHT	B				10982	10987	10992
Guardian's Leather Set	Guardian's Leather Armor Gloves	gloves	gloves		B				10983	10988	10993
Guardian's Leather Set	Guardian's Leather Armor Boots	feet	feet		B				10984	10989	10994
Marksman's Leather Set	Marksman's Leather Armor Helmet	head	head		B				10995	10999	11004
Marksman's Leather Set	Marksman's Leather Armor	chest	chest	LIGHT	B				409	11000	11005
Marksman's Leather Set	Marksman's Leather Armor Gaiters	legs	legs	LIGHT	B				10996	11001	11006
Marksman's Leather Set	Marksman's Leather Armor Gloves	gloves	gloves		B				10997	11002	11007
Marksman's Leather Set	Marksman's Leather Armor Boots	feet	feet		B				10998	11003	11008
Unicorn Leather Set	Unicorn Leather Armor Helmet	head	head		A					11009	11012
Unicorn Leather Set	Unicorn Leather Armor	chest	fullarmor	LIGHT	A					410	11013
Unicorn Leather Set	Unicorn Leather Armor Gloves	gloves	gloves		A					11010	11014
Unicorn Leather Set	Unicorn Leather Armor Boots	feet	feet		A					11011	11015
Dragon Leather Set	Dragon Leather Armor Helmet	head	head		S						11016
Dragon Leather Set	Dragon Leather Armor	chest	fullarmor	LIGHT	S						411
Dragon Leather Set	Dragon Leather Armor Gloves	gloves	gloves		S						11017
Dragon Leather Set	Dragon Leather Armor Boots	feet	feet		S						11018
Tunic Set	Tunic Helmet	head	head		NG	11019	11023	11028	11033	11038	11043
Tunic Set	Tunic	chest	chest	MAGIC	NG	426	11024	11029	11034	11039	11044
Tunic Set	Tunic Stockings	legs	legs	MAGIC	NG	11020	11025	11030	11035	11040	11045
Tunic Set	Tunic Gloves	gloves	gloves		NG	11021	11026	11031	11036	11041	11046
Tunic Set	Tunic Boots	feet	feet		NG	11022	11027	11032	11037	11042	11047
Feriotic Set	Feriotic Tunic Helmet	head	head		NG	11048	11052	11057	11062	11067	11072
Feriotic Set	Feriotic Tunic	chest	chest	MAGIC	NG	428	11053	11058	11063	11068	11073
Feriotic Set	Feriotic Tunic Stockings	legs	legs	MAGIC	NG	11049	11054	11059	11064	11069	11074
Feriotic Set	Feriotic Tunic Gloves	gloves	gloves		NG	11050	11055	11060	11065	11070	11075
Feriotic Set	Feriotic Tunic Boots	feet	feet		NG	11051	11056	11061	11066	11071	11076
Leather Tunic Set	Leather Tunic Helmet	head	head		NG	11077	11081	11086	11091	11096	11101
Leather Tunic Set	Leather Tunic	chest	chest	MAGIC	NG	429	11082	11087	11092	11097	11102
Leather Tunic Set	Leather Tunic Stockings	legs	legs	MAGIC	NG	11078	11083	11088	11093	11098	11103
Leather Tunic Set	Leather Tunic Gloves	gloves	gloves		NG	11079	11084	11089	11094	11099	11104
Leather Tunic Set	Leather Tunic Boots	feet	feet		NG	11080	11085	11090	11095	11100	11105
Cursed Set	Cursed Tunic Helmet	head	head		D		11106	11110	11115	11120	11125
Cursed Set	Cursed Tunic	chest	chest	MAGIC	D		432	11111	11116	11121	11126
Cursed Set	Cursed Tunic Stockings	legs	legs	MAGIC	D		11107	11112	11117	11122	11127
Cursed Set	Cursed Tunic Gloves	gloves	gloves		D		11108	11113	11118	11123	11128
Cursed Set	Cursed Tunic Boots	feet	feet		D		11109	11114	11119	11124	11129
White Set	White Tunic Helmet	head	head		D		11130	11134	11139	11144	11149
White Set	White Tunic	chest	chest	MAGIC	D		434	11135	11140	11145	11150
White Set	White Tunic Stockings	legs	legs	MAGIC	D		11131	11136	11141	11146	11151
White Set	White Tunic Gloves	gloves	gloves		D		11132	11137	11142	11147	11152
White Set	White Tunic Boots	feet	feet		D		11133	11138	11143	11148	11153
Mystic's Set	Mystic's Tunic Helmet	head	head		D		11154	11158	11163	11168	11173
Mystic's Set	Mystic's Tunic	chest	chest	MAGIC	D		435	11159	11164	11169	11174
Mystic's Set	Mystic's Tunic Stockings	legs	legs	MAGIC	D		11155	11160	11165	11170	11175
Mystic's Set	Mystic's Tunic Gloves	gloves	gloves		D		11156	11161	11166	11171	11176
Mystic's Set	Mystic's Tunic Boots	feet	feet		D		11157	11162	11167	11172	11177
Knowledge Set	Tunic of Knowledge Helmet	head	head		D		11178	11182	11187	11192	11197
Knowledge Set	Tunic of Knowledge	chest	chest	MAGIC	D		436	11183	11188	11193	11198
Knowledge Set	Tunic of Knowledge Stockings	legs	legs	MAGIC	D		11179	11184	11189	11194	11199
Knowledge Set	Tunic of Knowledge Gloves	gloves	gloves		D		11180	11185	11190	11195	11200
Knowledge Set	Tunic of Knowledge Boots	feet	feet		D		11181	11186	11191	11196	11201
Mithril Robe Set	Mithril Tunic Helmet	head	head		D		11202	11206	11211	11216	11221
Mithril Robe Set	Mithril Tunic	chest	chest	MAGIC	D		437	11207	11212	11217	11222
Mithril Robe Set	Mithril Tunic Stockings	legs	legs	MAGIC	D		11203	11208	11213	11218	11223
Mithril Robe Set	Mithril Tunic Gloves	gloves	gloves		D		11204	11209	11214	11219	11224
Mithril Robe Set	Mithril Tunic Boots	feet	feet		D		11205	11210	11215	11220	11225
Sage's Rag Set	Sage's Rag Helmet	head	head		D		11226	11229	11233	11237	11241
Sage's Rag Set	Sage's Rag	chest	fullarmor	MAGIC	D		438	11230	11234	11238	11242
Sage's Rag Set	Sage's Rag Gloves	gloves	gloves		D		11227	11231	11235	11239	11243
Sage's Rag Set	Sage's Rag Boots	feet	feet		D		11228	11232	11236	11240	11244
Karmian Set	Karmian Tunic Helmet	head	head		C			11245	11249	11254	11259
Karmian Set	Karmian Tunic	chest	chest	MAGIC	C			439	11250	11255	11260
Karmian Set	Karmian Tunic Stockings	legs	legs	MAGIC	C			11246	11251	11256	11261
Karmian Set	Karmian Tunic Gloves	gloves	gloves		C			11247	11252	11257	11262
Karmian Set	Karmian Tunic Boots	feet	feet		C			11248	11253	11258	11263
Demon Set	Demon's Tunic Helmet	head	head		C			11264	11268	11273	11278
Demon Set	Demon's Tunic	chest	chest	MAGIC	C			441	11269	11274	11279
Demon Set	Demon's Tunic Stockings	legs	legs	MAGIC	C			11265	11270	11275	11280
Demon Set	Demon's Tunic Gloves	gloves	gloves		C			11266	11271	11276	11281
Demon Set	Demon's Tunic Boots	feet	feet		C			11267	11272	11277	11282
Divine Set	Divine Tunic Helmet	head	head		C			11283	11287	11292	11297
Divine Set	Divine Tunic	chest	chest	MAGIC	C			442	11288	11293	11298
Divine Set	Divine Tunic Stockings	legs	legs	MAGIC	C			11284	11289	11294	11299
Divine Set	Divine Tunic Gloves	gloves	gloves		C			11285	11290	11295	11300
Divine Set	Divine Tunic Boots	feet	feet		C			11286	11291	11296	11301
Tunic of Mana Set	Tunic of Mana Helmet	head	head		B				11302	11306	11311
Tunic of Mana Set	Tunic of Mana	chest	chest	MAGIC	B				443	11307	11312
Tunic of Mana Set	Tunic of Mana Stockings	legs	legs	LIGHT	B				11303	11308	11313
Tunic of Mana Set	Tunic of Mana Gloves	gloves	gloves		B				11304	11309	11314
Tunic of Mana Set	Tunic of Mana Boots	feet	feet		B				11305	11310	11315
Sage's Robe Set	Sage's Robe Helmet	head	head		B				11316	11319	11323
Sage's Robe Set	Sage's Robe	chest	fullarmor	MAGIC	B				444	11320	11324
Sage's Robe Set	Sage's Robe Gloves	gloves	gloves		B				11317	11321	11325
Sage's Robe Set	Sage's Robe Boots	feet	feet		B				11318	11322	11326
Paradia Set	Paradia Tunic Helmet	head	head		B				11327	11331	11336
Paradia Set	Paradia Tunic	chest	chest	MAGIC	B				445	11332	11337
Paradia Set	Paradia Tunic Stockings	legs	legs	LIGHT	B				11328	11333	11338
Paradia Set	Paradia Tunic Gloves	gloves	gloves		B				11329	11334	11339
Paradia Set	Paradia Tunic Boots	feet	feet		B				11330	11335	11340
Inferno Set	Inferno Tunic Helmet	head	head		B				11341	11345	11350
Inferno Set	Inferno Tunic	chest	chest	MAGIC	B				446	11346	11351
Inferno Set	Inferno Tunic Stockings	legs	legs	LIGHT	B				11342	11347	11352
Inferno Set	Inferno Tunic Gloves	gloves	gloves		B				11343	11348	11353
Inferno Set	Inferno Tunic Boots	feet	feet		B				11344	11349	11354
Tunic of Solar Eclipse Set	Tunic of Solar Eclipse Helmet	head	head		B				11355	11359	11364
Tunic of Solar Eclipse Set	Tunic of Solar Eclipse	chest	chest	MAGIC	B				447	11360	11365
Tunic of Solar Eclipse Set	Tunic of Solar Eclipse Stockings	legs	legs	LIGHT	B				11356	11361	11366
Tunic of Solar Eclipse Set	Tunic of Solar Eclipse Gloves	gloves	gloves		B				11357	11362	11367
Tunic of Solar Eclipse Set	Tunic of Solar Eclipse Boots	feet	feet		B				11358	11363	11368
Robe of Black Ore Set	Robe of Black Ore Helmet	head	head		B				11369	11372	11376
Robe of Black Ore Set	Robe of Black Ore	chest	fullarmor	MAGIC	B				448	11373	11377
Robe of Black Ore Set	Robe of Black Ore Gloves	gloves	gloves		B				11370	11374	11378
Robe of Black Ore Set	Robe of Black Ore Boots	feet	feet		B				11371	11375	11379
Tunic of Summoning Set	Tunic of Summoning Helmet	head	head		B				11380	11384	11389
Tunic of Summoning Set	Tunic of Summoning	chest	chest	MAGIC	B				449	11385	11390
Tunic of Summoning Set	Tunic of Summoning Stockings	legs	legs	LIGHT	B				11381	11386	11391
Tunic of Summoning Set	Tunic of Summoning Gloves	gloves	gloves		B				11382	11387	11392
Tunic of Summoning Set	Tunic of Summoning Boots	feet	feet		B				11383	11388	11393
Otherworldly Set	Otherworldly Robe Helmet	head	head		B				11394	11397	11401
Otherworldly Set	Otherworldly Robe	chest	fullarmor	MAGIC	B				450	11398	11402
Otherworldly Set	Otherworldly Robe Gloves	gloves	gloves		B				11395	11399	11403
Otherworldly Set	Otherworldly Robe Boots	feet	feet		B				11396	11400	11404
Elemental Set	Elemental Tunic Helmet	head	head		B				11405	11409	11414
Elemental Set	Elemental Tunic	chest	chest	MAGIC	B				451	11410	11415
Elemental Set	Elemental Tunic Stockings	legs	legs	LIGHT	B				11406	11411	11416
Elemental Set	Elemental Tunic Gloves	gloves	gloves		B				11407	11412	11417
Elemental Set	Elemental Tunic Boots	feet	feet		B				11408	11413	11418
Tunic of Phantom Set	Tunic of Phantom Helmet	head	head		B				11419	11423	11428
Tunic of Phantom Set	Tunic of Phantom	chest	chest	MAGIC	B				452	11424	11429
Tunic of Phantom Set	Tunic of Phantom Stockings	legs	legs	LIGHT	B				11420	11425	11430
Tunic of Phantom Set	Tunic of Phantom Gloves	gloves	gloves		B				11421	11426	11431
Tunic of Phantom Set	Tunic of Phantom Boots	feet	feet		B				11422	11427	11432
Tunic of Grace Set	Tunic of Grace Helmet	head	head		B				11433	11437	11442
Tunic of Grace Set	Tunic of Grace	chest	chest	MAGIC	B				453	11438	11443
Tunic of Grace Set	Tunic of Grace Stockings	legs	legs	LIGHT	B				11434	11439	11444
Tunic of Grace Set	Tunic of Grace Gloves	gloves	gloves		B				11435	11440	11445
Tunic of Grace Set	Tunic of Grace Boots	feet	feet		B				11436	11441	11446
Robe of Holy Spirit Set	Robe of Holy Spirit Helmet	head	head		B				11447	11450	11454
Robe of Holy Spirit Set	Robe of Holy Spirit	chest	fullarmor	MAGIC	B				454	11451	11455
Robe of Holy Spirit Set	Robe of Holy Spirit Gloves	gloves	gloves		B				11448	11452	11456
Robe of Holy Spirit Set	Robe of Holy Spirit Boots	feet	feet		B				11449	11453	11457
Phoenix Set	Phoenix Tunic Helmet	head	head		B				11458	11462	11467
Phoenix Set	Phoenix Tunic	chest	chest	MAGIC	B				455	11463	11468
Phoenix Set	Phoenix Tunic Stockings	legs	legs	LIGHT	B				11459	11464	11469
Phoenix Set	Phoenix Tunic Gloves	gloves	gloves		B				11460	11465	11470
Phoenix Set	Phoenix Tunic Boots	feet	feet		B				11461	11466	11471
Cerberus Set	Cerberus Tunic Helmet	head	head		B				11472	11476	11481
Cerberus Set	Cerberus Tunic	chest	chest	MAGIC	B				456	11477	11482
Cerberus Set	Cerberus Tunic Stockings	legs	legs	LIGHT	B				11473	11478	11483
Cerberus Set	Cerberus Tunic Gloves	gloves	gloves		B				11474	11479	11484
Cerberus Set	Cerberus Tunic Boots	feet	feet		B				11475	11480	11485
Tunic of Aid Set	Tunic of Aid Helmet	head	head		B				11486	11490	11495
Tunic of Aid Set	Tunic of Aid	chest	chest	MAGIC	B				457	11491	11496
Tunic of Aid Set	Tunic of Aid Stockings	legs	legs	LIGHT	B				11487	11492	11497
Tunic of Aid Set	Tunic of Aid Gloves	gloves	gloves		B				11488	11493	11498
Tunic of Aid Set	Tunic of Aid Boots	feet	feet		B				11489	11494	11499
Robe of Blessing Set	Robe of Blessing Helmet	head	head		B				11500	11503	11507
Robe of Blessing Set	Robe of Blessing	chest	fullarmor	MAGIC	B				458	11504	11508
Robe of Blessing Set	Robe of Blessing Gloves	gloves	gloves		B				11501	11505	11509
Robe of Blessing Set	Robe of Blessing Boots	feet	feet		B				11502	11506	11510
Dasparion's Set	Dasparion's Robe Helmet	head	head		A					11511	11514
Dasparion's Set	Dasparion's Robe	chest	fullarmor	MAGIC	A					459	11515
Dasparion's Set	Dasparion's Robe Gloves	gloves	gloves		A					11512	11516
Dasparion's Set	Dasparion's Robe Boots	feet	feet		A					11513	11517
The Set	The Robe Helmet	head	head		S						11518
The Set	The Robe	chest	fullarmor	MAGIC	S						460
The Set	The Robe Gloves	gloves	gloves		S						11519
The Set	The Robe Boots	feet	feet		S						11520
Cotton Tunic Set	Cotton Tunic Helmet	head	head		NG	11521	11525	11530	11535	11540	11545
Cotton Tunic Set	Cotton Tunic	chest	chest	MAGIC	NG	1100	11526	11531	11536	11541	11546
Cotton Tunic Set	Cotton Tunic Stockings	legs	legs	MAGIC	NG	11522	11527	11532	11537	11542	11547
Cotton Tunic Set	Cotton Tunic Gloves	gloves	gloves		NG	11523	11528	11533	11538	11543	11548
Cotton Tunic Set	Cotton Tunic Boots	feet	feet		NG	11524	11529	11534	11539	11544	11549
Devotion Set	Tunic of Devotion Helmet	head	head		NG	11550	11554	11559	11564	11569	11574
Devotion Set	Tunic of Devotion	chest	chest	MAGIC	NG	1101	11555	11560	11565	11570	11575
Devotion Set	Tunic of Devotion Stockings	legs	legs	MAGIC	NG	11551	11556	11561	11566	11571	11576
Devotion Set	Tunic of Devotion Gloves	gloves	gloves		NG	11552	11557	11562	11567	11572	11577
Devotion Set	Tunic of Devotion Boots	feet	feet		NG	11553	11558	11563	11568	11573	11578
Tunic of Magic Set	Tunic of Magic Helmet	head	head		NG	11579	11583	11588	11593	11598	11603
Tunic of Magic Set	Tunic of Magic	chest	chest	MAGIC	NG	1102	11584	11589	11594	11599	11604
Tunic of Magic Set	Tunic of Magic Stockings	legs	legs	MAGIC	NG	11580	11585	11590	11595	11600	11605
Tunic of Magic Set	Tunic of Magic Gloves	gloves	gloves		NG	11581	11586	11591	11596	11601	11606
Tunic of Magic Set	Tunic of Magic Boots	feet	feet		NG	11582	11587	11592	11597	11602	11607
Squire's Set	Squire's Shirt Helmet	head	head		NG	11608	11612	11617	11622	11627	11632
Squire's Set	Squire's Shirt	chest	chest	LIGHT	NG	1146	11613	11618	11623	11628	11633
Squire's Set	Squire's Shirt Gaiters	legs	legs	LIGHT	NG	11609	11614	11619	11624	11629	11634
Squire's Set	Squire's Shirt Gloves	gloves	gloves		NG	11610	11615	11620	11625	11630	11635
Squire's Set	Squire's Shirt Boots	feet	feet		NG	11611	11616	11621	11626	11631	11636
Avadon Heavy Set	Avadon Breastplate Helmet	head	head		B				11637	11641	11646
Avadon Heavy Set	Avadon Breastplate	chest	chest	HEAVY	B				2376	11642	11647
Avadon Heavy Set	Avadon Breastplate Gaiters	legs	legs	HEAVY	B				11638	11643	11648
Avadon Heavy Set	Avadon Breastplate Gloves	gloves	gloves		B				11639	11644	11649
Avadon Heavy Set	Avadon Breastplate Boots	feet	feet		B				11640	11645	11650
Doom Heavy Set	Doom Plate Armor Helmet	head	head		B				11651	11654	11658
Doom Heavy Set	Doom Plate Armor	chest	fullarmor	HEAVY	B				2381	11655	11659
Doom Heavy Set	Doom Plate Armor Gloves	gloves	gloves		B				11652	11656	11660
Doom Heavy Set	Doom Plate Armor Boots	feet	feet		B				11653	11657	11661
Tallum Heavy Set	Tallum Plate Armor Helmet	head	head		A					11662	11665
Tallum Heavy Set	Tallum Plate Armor	chest	fullarmor	HEAVY	A					2382	11666
Tallum Heavy Set	Tallum Plate Armor Gloves	gloves	gloves		A					11663	11667
Tallum Heavy Set	Tallum Plate Armor Boots	feet	feet		A					11664	11668
Majestic Heavy Set	Majestic Plate Armor Helmet	head	head		A					11669	11672
Majestic Heavy Set	Majestic Plate Armor	chest	fullarmor	HEAVY	A					2383	11673
Majestic Heavy Set	Majestic Plate Armor Gloves	gloves	gloves		A					11670	11674
Majestic Heavy Set	Majestic Plate Armor Boots	feet	feet		A					11671	11675
Zubei Light Set	Zubei's Leather Shirt Helmet	head	head		B				11676	11680	11685
Zubei Light Set	Zubei's Leather Shirt	chest	chest	LIGHT	B				2384	11681	11686
Zubei Light Set	Zubei's Leather Shirt Gaiters	legs	legs	LIGHT	B				11677	11682	11687
Zubei Light Set	Zubei's Leather Shirt Gloves	gloves	gloves		B				11678	11683	11688
Zubei Light Set	Zubei's Leather Shirt Boots	feet	feet		B				11679	11684	11689
Dark Crystal Light Set	Dark Crystal Leather Armor Helmet	head	head		A					11690	11694
Dark Crystal Light Set	Dark Crystal Leather Armor	chest	chest	LIGHT	A					2385	11695
Dark Crystal Light Set	Dark Crystal Leather Armor Gaiters	legs	legs	LIGHT	A					11691	11696
Dark Crystal Light Set	Dark Crystal Leather Armor Gloves	gloves	gloves		A					11692	11697
Dark Crystal Light Set	Dark Crystal Leather Armor Boots	feet	feet		A					11693	11698
Avadon Light Set	Avadon Leather Armor Helmet	head	head		B				11699	11702	11706
Avadon Light Set	Avadon Leather Armor	chest	fullarmor	LIGHT	B				2390	11703	11707
Avadon Light Set	Avadon Leather Armor Gloves	gloves	gloves		B				11700	11704	11708
Avadon Light Set	Avadon Leather Armor Boots	feet	feet		B				11701	11705	11709
Blue Wolf Light Set	Blue Wolf Leather Armor Helmet	head	head		B				11710	11713	11717
Blue Wolf Light Set	Blue Wolf Leather Armor	chest	fullarmor	LIGHT	B				2391	11714	11718
Blue Wolf Light Set	Blue Wolf Leather Armor Gloves	gloves	gloves		B				11711	11715	11719
Blue Wolf Light Set	Blue Wolf Leather Armor Boots	feet	feet		B				11712	11716	11720
Doom Light Set	Leather Armor of Doom Helmet	head	head		B				11721	11724	11728
Doom Light Set	Leather Armor of Doom	chest	fullarmor	LIGHT	B				2392	11725	11729
Doom Light Set	Leather Armor of Doom Gloves	gloves	gloves		B				11722	11726	11730
Doom Light Set	Leather Armor of Doom Boots	feet	feet		B				11723	11727	11731
Tallum Light Set	Tallum Leather Armor Helmet	head	head		A					11732	11735
Tallum Light Set	Tallum Leather Armor	chest	fullarmor	LIGHT	A					2393	11736
Tallum Light Set	Tallum Leather Armor Gloves	gloves	gloves		A					11733	11737
Tallum Light Set	Tallum Leather Armor Boots	feet	feet		A					11734	11738
Nightmare Light Set	Nightmarish Leather Armor Helmet	head	head		A					11739	11742
Nightmare Light Set	Nightmarish Leather Armor	chest	fullarmor	LIGHT	A					2394	11743
Nightmare Light Set	Nightmarish Leather Armor Gloves	gloves	gloves		A					11740	11744
Nightmare Light Set	Nightmarish Leather Armor Boots	feet	feet		A					11741	11745
Majestic Leather Set	Majestic Leather Armor Helmet	head	head		A					11746	11749
Majestic Leather Set	Majestic Leather Armor	chest	fullarmor	LIGHT	A					2395	11750
Majestic Leather Set	Majestic Leather Armor Gloves	gloves	gloves		A					11747	11751
Majestic Leather Set	Majestic Leather Armor Boots	feet	feet		A					11748	11752
Zubei Robe Set	Tunic of Zubei Helmet	head	head		B				11753	11757	11762
Zubei Robe Set	Tunic of Zubei	chest	chest	MAGIC	B				2397	11758	11763
Zubei Robe Set	Tunic of Zubei Stockings	legs	legs	MAGIC	B				11754	11759	11764
Zubei Robe Set	Tunic of Zubei Gloves	gloves	gloves		B				11755	11760	11765
Zubei Robe Set	Tunic of Zubei Boots	feet	feet		B				11756	11761	11766
Blue Wolf Robe Set	Blue Wolf Tunic Helmet	head	head		B				11767	11771	11776
Blue Wolf Robe Set	Blue Wolf Tunic	chest	chest	MAGIC	B				2398	11772	11777
Blue Wolf Robe Set	Blue Wolf Tunic Stockings	legs	legs	MAGIC	B				11768	11773	11778
Blue Wolf Robe Set	Blue Wolf Tunic Gloves	gloves	gloves		B				11769	11774	11779
Blue Wolf Robe Set	Blue Wolf Tunic Boots	feet	feet		B				11770	11775	11780
Doom Robe Set	Tunic of Doom Helmet	head	head		B				11781	11785	11790
Doom Robe Set	Tunic of Doom	chest	chest	MAGIC	B				2399	11786	11791
Doom Robe Set	Tunic of Doom Stockings	legs	legs	MAGIC	B				11782	11787	11792
Doom Robe Set	Tunic of Doom Gloves	gloves	gloves		B				11783	11788	11793
Doom Robe Set	Tunic of Doom Boots	feet	feet		B				11784	11789	11794
Tallum Robe Set	Tallum Tunic Helmet	head	head		A					11795	11799
Tallum Robe Set	Tallum Tunic	chest	chest	MAGIC	A					2400	11800
Tallum Robe Set	Tallum Tunic Stockings	legs	legs	MAGIC	A					11796	11801
Tallum Robe Set	Tallum Tunic Gloves	gloves	gloves		A					11797	11802
Tallum Robe Set	Tallum Tunic Boots	feet	feet		A					11798	11803
Avadon Robe Set	Avadon Robe Helmet	head	head		B				11804	11807	11811
Avadon Robe Set	Avadon Robe	chest	fullarmor	MAGIC	B				2406	11808	11812
Avadon Robe Set	Avadon Robe Gloves	gloves	gloves		B				11805	11809	11813
Avadon Robe Set	Avadon Robe Boots	feet	feet		B				11806	11810	11814
Dark Crystal Robe Set	Dark Crystal Robe Helmet	head	head		A					11815	11818
Dark Crystal Robe Set	Dark Crystal Robe	chest	fullarmor	MAGIC	A					2407	11819
Dark Crystal Robe Set	Dark Crystal Robe Gloves	gloves	gloves		A					11816	11820
Dark Crystal Robe Set	Dark Crystal Robe Boots	feet	feet		A					11817	11821
Nightmare Robe Set	Nightmare Robe Helmet	head	head		A					11822	11825
Nightmare Robe Set	Nightmare Robe	chest	fullarmor	MAGIC	A					2408	11826
Nightmare Robe Set	Nightmare Robe Gloves	gloves	gloves		A					11823	11827
Nightmare Robe Set	Nightmare Robe Boots	feet	feet		A					11824	11828
Majestic Robe Set	Majestic Robe Helmet	head	head		A					11829	11832
Majestic Robe Set	Majestic Robe	chest	fullarmor	MAGIC	A					2409	11833
Majestic Robe Set	Majestic Robe Gloves	gloves	gloves		A					11830	11834
Majestic Robe Set	Majestic Robe Boots	feet	feet		A					11831	11835
Imperial Crusader Set	Imperial Crusader Breastplate Helmet	head	head		S						11836
Imperial Crusader Set	Imperial Crusader Breastplate	chest	chest	HEAVY	S						6373
Imperial Crusader Set	Imperial Crusader Breastplate Gaiters	legs	legs	HEAVY	S						11837
Imperial Crusader Set	Imperial Crusader Breastplate Gloves	gloves	gloves		S						11838
Imperial Crusader Set	Imperial Crusader Breastplate Boots	feet	feet		S						11839
Draconic Leather Set	Draconic Leather Armor Helmet	head	head		S						11840
Draconic Leather Set	Draconic Leather Armor	chest	fullarmor	LIGHT	S						6379
Draconic Leather Set	Draconic Leather Armor Gloves	gloves	gloves		S						11841
Draconic Leather Set	Draconic Leather Armor Boots	feet	feet		S						11842
Major Arcana Set	Major Arcana Robe Helmet	head	head		S						11843
Major Arcana Set	Major Arcana Robe	chest	fullarmor	MAGIC	S						6383
Major Arcana Set	Major Arcana Robe Gloves	gloves	gloves		S						11844
Major Arcana Set	Major Arcana Robe Boots	feet	feet		S						11845
Clan Oath Heavy Set	Clan Oath Armor Helmet	head	head		D		11846	11849	11853	11857	11861
Clan Oath Heavy Set	Clan Oath Armor	chest	fullarmor	HEAVY	D		7851	11850	11854	11858	11862
Clan Oath Heavy Set	Clan Oath Armor Gloves	gloves	gloves		D		11847	11851	11855	11859	11863
Clan Oath Heavy Set	Clan Oath Armor Boots	feet	feet		D		11848	11852	11856	11860	11864
Clan Oath Light Set	Clan Oath Brigandine Helmet	head	head		D		11865	11868	11872	11876	11880
Clan Oath Light Set	Clan Oath Brigandine	chest	fullarmor	LIGHT	D		7854	11869	11873	11877	11881
Clan Oath Light Set	Clan Oath Brigandine Gloves	gloves	gloves		D		11866	11870	11874	11878	11882
Clan Oath Light Set	Clan Oath Brigandine Boots	feet	feet		D		11867	11871	11875	11879	11883
Clan Oath Robe Set	Clan Oath Aketon Helmet	head	head		D		11884	11887	11891	11895	11899
Clan Oath Robe Set	Clan Oath Aketon	chest	fullarmor	MAGIC	D		7857	11888	11892	11896	11900
Clan Oath Robe Set	Clan Oath Aketon Gloves	gloves	gloves		D		11885	11889	11893	11897	11901
Clan Oath Robe Set	Clan Oath Aketon Boots	feet	feet		D		11886	11890	11894	11898	11902
Apella Heavy Set	Apella Plate Armor Helmet	head	head		A					11903	11906
Apella Heavy Set	Apella Plate Armor	chest	fullarmor	HEAVY	A					7861	11907
Apella Heavy Set	Apella Plate Armor Gloves	gloves	gloves		A					11904	11908
Apella Heavy Set	Apella Plate Armor Boots	feet	feet		A					11905	11909
Apella Light Set	Apella Brigandine Helmet	head	head		A					11910	11913
Apella Light Set	Apella Brigandine	chest	fullarmor	LIGHT	A					7864	11914
Apella Light Set	Apella Brigandine Gloves	gloves	gloves		A					11911	11915
Apella Light Set	Apella Brigandine Boots	feet	feet		A					11912	11916
Apella Robe Set	Apella Doublet Helmet	head	head		A					11917	11920
Apella Robe Set	Apella Doublet	chest	fullarmor	MAGIC	A					7867	11921
Apella Robe Set	Apella Doublet Gloves	gloves	gloves		A					11918	11922
Apella Robe Set	Apella Doublet Boots	feet	feet		A					11919	11923
